"time_hours","variable","Family","SangerID","value"
0,"pH","Pseudomonadaceae",326,7.000763368
0,"pH","Enterobacteriaceae",327,6.985988638
0,"pH","Enterobacteriaceae",332,6.87777165
0,"pH","Pseudomonadaceae",335,6.985988638
0,"pH","Moraxellaceae",336,6.841021978
0,"pH","Enterobacteriaceae",338,6.972338269
0,"pH","Enterobacteriaceae",340,7.004944103
0,"pH","Enterobacteriaceae",461,7.004944103
0,"pH","Enterobacteriaceae",280,6.857808019
0,"pH","Aeromonadaceae",343,6.953037794
0,"pH","Enterobacteriaceae",344,7.000763368
0,"pH","Enterobacteriaceae",345,7.002884355
0,"pH","Enterobacteriaceae",346,6.824319251
0,"pH","Enterobacteriaceae",348,6.755733617
0,"pH","Pseudomonadaceae",350,7.006945251
0,"pH","Moraxellaceae",453,7.000763368
0,"pH","Moraxellaceae",454,6.713388491
0,"pH","Enterobacteriaceae",458,6.933952033
0,"pH","Enterobacteriaceae",460,7.004944103
0,"pH","Pseudomonadaceae",352,6.953037794
0,"pH","Enterobacteriaceae",356,7.000763368
0,"pH","Pseudomonadaceae",462,6.669082233
0,"pH","Enterobacteriaceae",358,6.985988638
0,"pH","Enterobacteriaceae",360,6.856513528
0,"pH","Enterobacteriaceae",259,6.741614033
0,"pH","Enterobacteriaceae",364,6.972338269
0,"pH","Pseudomonadaceae",428,6.933952033
0,"pH","Pseudomonadaceae",432,6.985988638
0,"pH","Pseudomonadaceae",267,6.908801003
0,"pH","Enterobacteriaceae",269,6.953037794
0,"pH","Enterobacteriaceae",270,6.874690642
0,"pH","Enterobacteriaceae",435,6.985988638
0,"pH","Pseudomonadaceae",272,6.915059278
0,"pH","Enterobacteriaceae",273,6.915059278
0,"pH","Pseudomonadaceae",274,6.933952033
0,"pH","Enterobacteriaceae",438,7.004944103
0,"pH","Enterobacteriaceae",439,7.002884355
0,"pH","Enterobacteriaceae",283,6.933952033
0,"pH","Enterobacteriaceae",284,6.943469461
0,"pH","Enterobacteriaceae",286,6.943469461
0,"pH","Enterobacteriaceae",287,6.89168356
0,"pH","Enterobacteriaceae",440,6.991876505
0,"pH","Pseudomonadaceae",441,6.943469461
0,"pH","Enterobacteriaceae",442,6.991876505
0,"pH","Enterobacteriaceae",160,6.991876505
0,"pH","Enterobacteriaceae",165,6.656782624
0,"pH","Enterobacteriaceae",169,7.006945251
0,"pH","Pseudomonadaceae",523,7.000763368
0,"pH","Enterobacteriaceae",276,6.985988638
0,"pH","Enterobacteriaceae",277,6.841021978
0,"pH","Enterobacteriaceae",278,6.953037794
0,"pH","Enterobacteriaceae",288,6.915059278
0,"pH","Enterobacteriaceae",289,6.991876505
0,"pH","Pseudomonadaceae",290,6.964590871
0,"pH","Pseudomonadaceae",444,6.953037794
0,"pH","Pseudomonadaceae",294,6.915059278
0,"pH","Enterobacteriaceae",295,7.006945251
0,"pH","Enterobacteriaceae",303,6.964590871
0,"pH","Pseudomonadaceae",304,6.972338269
0,"pH","Enterobacteriaceae",305,6.985988638
0,"pH","Enterobacteriaceae",308,6.915059278
0,"pH","Enterobacteriaceae",310,6.933952033
0,"pH","Enterobacteriaceae",311,6.824319251
0,"pH","Pseudomonadaceae",316,7.002884355
0,"pH","Enterobacteriaceae",317,6.991876505
0,"pH","Enterobacteriaceae",320,6.985988638
0,"pH","Pseudomonadaceae",321,7.004944103
0,"pH","Enterobacteriaceae",322,6.953037794
0,"pH","Pseudomonadaceae",325,6.972338269
0,"pH","Enterobacteriaceae",448,7.004944103
0,"pH","Pseudomonadaceae",449,6.985988638
16,"pH","Pseudomonadaceae",326,6.421494952
16,"pH","Enterobacteriaceae",327,6.112306215
16,"pH","Enterobacteriaceae",332,5.43228445
16,"pH","Pseudomonadaceae",335,6.841021978
16,"pH","Moraxellaceae",336,6.915059278
16,"pH","Enterobacteriaceae",338,6.021600937
16,"pH","Enterobacteriaceae",340,5.818615102
16,"pH","Enterobacteriaceae",461,5.782564725
16,"pH","Enterobacteriaceae",280,5.982650465
16,"pH","Aeromonadaceae",343,5.872204748
16,"pH","Enterobacteriaceae",344,5.231674825
16,"pH","Enterobacteriaceae",345,5.836401587
16,"pH","Enterobacteriaceae",346,5.05669664
16,"pH","Enterobacteriaceae",348,5.343925702
16,"pH","Pseudomonadaceae",350,6.972338269
16,"pH","Moraxellaceae",453,6.857808019
16,"pH","Moraxellaceae",454,6.667428005
16,"pH","Enterobacteriaceae",458,5.952181248
16,"pH","Enterobacteriaceae",460,5.312392737
16,"pH","Pseudomonadaceae",352,6.409767322
16,"pH","Enterobacteriaceae",356,5.765533415
16,"pH","Pseudomonadaceae",462,6.312732864
16,"pH","Enterobacteriaceae",358,5.782564725
16,"pH","Enterobacteriaceae",360,6.147215015
16,"pH","Enterobacteriaceae",259,4.542101085
16,"pH","Enterobacteriaceae",364,5.91469752
16,"pH","Pseudomonadaceae",428,6.824319251
16,"pH","Pseudomonadaceae",432,6.293778499
16,"pH","Pseudomonadaceae",267,6.670972254
16,"pH","Enterobacteriaceae",269,5.854470173
16,"pH","Enterobacteriaceae",270,4.867230929
16,"pH","Enterobacteriaceae",435,4.983268484
16,"pH","Pseudomonadaceae",272,6.288980107
16,"pH","Enterobacteriaceae",273,5.770577991
16,"pH","Pseudomonadaceae",274,6.599563082
16,"pH","Enterobacteriaceae",438,5.818615102
16,"pH","Enterobacteriaceae",439,4.558795489
16,"pH","Enterobacteriaceae",283,5.09054523
16,"pH","Enterobacteriaceae",284,5.895514698
16,"pH","Enterobacteriaceae",286,4.558795489
16,"pH","Enterobacteriaceae",287,5.818615102
16,"pH","Enterobacteriaceae",440,5.872204748
16,"pH","Pseudomonadaceae",441,6.656782624
16,"pH","Enterobacteriaceae",442,5.28348553
16,"pH","Enterobacteriaceae",160,4.906420826
16,"pH","Enterobacteriaceae",165,5.357652347
16,"pH","Enterobacteriaceae",169,4.803877013
16,"pH","Pseudomonadaceae",523,6.304880723
16,"pH","Enterobacteriaceae",276,4.954870624
16,"pH","Enterobacteriaceae",277,4.893136579
16,"pH","Enterobacteriaceae",278,4.706966936
16,"pH","Enterobacteriaceae",288,5.306853687
16,"pH","Enterobacteriaceae",289,4.893136579
16,"pH","Pseudomonadaceae",290,6.337729291
16,"pH","Pseudomonadaceae",444,6.330750217
16,"pH","Pseudomonadaceae",294,6.569979579
16,"pH","Enterobacteriaceae",295,5.630140712
16,"pH","Enterobacteriaceae",303,5.669198556
16,"pH","Pseudomonadaceae",304,6.670972254
16,"pH","Enterobacteriaceae",305,5.694855903
16,"pH","Enterobacteriaceae",308,5.992143976
16,"pH","Enterobacteriaceae",310,5.853642438
16,"pH","Enterobacteriaceae",311,5.870375375
16,"pH","Pseudomonadaceae",316,6.421494952
16,"pH","Enterobacteriaceae",317,5.86866691
16,"pH","Enterobacteriaceae",320,6.073358068
16,"pH","Pseudomonadaceae",321,6.362721652
16,"pH","Enterobacteriaceae",322,5.84115609
16,"pH","Pseudomonadaceae",325,6.362721652
16,"pH","Enterobacteriaceae",448,5.835797571
16,"pH","Pseudomonadaceae",449,6.325004159
28,"pH","Pseudomonadaceae",326,6.258733962
28,"pH","Enterobacteriaceae",327,6.461916151
28,"pH","Enterobacteriaceae",332,5.800884866
28,"pH","Pseudomonadaceae",335,6.602446454
28,"pH","Moraxellaceae",336,6.749215537
28,"pH","Enterobacteriaceae",338,6.342775402
28,"pH","Enterobacteriaceae",340,6.224969492
28,"pH","Enterobacteriaceae",461,6.226731732
28,"pH","Enterobacteriaceae",280,6.337729291
28,"pH","Aeromonadaceae",343,6.028758816
28,"pH","Enterobacteriaceae",344,5.631428185
28,"pH","Enterobacteriaceae",345,6.285809737
28,"pH","Enterobacteriaceae",346,5.218803804
28,"pH","Enterobacteriaceae",348,5.782564725
28,"pH","Pseudomonadaceae",350,6.903519956
28,"pH","Moraxellaceae",453,6.859338609
28,"pH","Moraxellaceae",454,6.791112501
28,"pH","Enterobacteriaceae",458,6.119423938
28,"pH","Enterobacteriaceae",460,5.616201058
28,"pH","Pseudomonadaceae",352,6.337729291
28,"pH","Enterobacteriaceae",356,6.226731732
28,"pH","Pseudomonadaceae",462,6.353967752
28,"pH","Enterobacteriaceae",358,6.281129459
28,"pH","Enterobacteriaceae",360,6.448305977
28,"pH","Enterobacteriaceae",259,4.692081776
28,"pH","Enterobacteriaceae",364,6.299053631
28,"pH","Pseudomonadaceae",428,6.874690642
28,"pH","Pseudomonadaceae",432,6.362721652
28,"pH","Pseudomonadaceae",267,6.31858073
28,"pH","Enterobacteriaceae",269,5.966499379
28,"pH","Enterobacteriaceae",270,4.677390168
28,"pH","Enterobacteriaceae",435,4.627326655
28,"pH","Pseudomonadaceae",272,6.371606157
28,"pH","Enterobacteriaceae",273,5.837049623
28,"pH","Pseudomonadaceae",274,6.350299123
28,"pH","Enterobacteriaceae",438,6.200498901
28,"pH","Enterobacteriaceae",439,4.790191863
28,"pH","Enterobacteriaceae",283,5.147107317
28,"pH","Enterobacteriaceae",284,6.27687424
28,"pH","Enterobacteriaceae",286,4.396847042
28,"pH","Enterobacteriaceae",287,6.252164236
28,"pH","Enterobacteriaceae",440,6.066353964
28,"pH","Pseudomonadaceae",441,6.3585967
28,"pH","Enterobacteriaceae",442,5.322428129
28,"pH","Enterobacteriaceae",160,5.006857664
28,"pH","Enterobacteriaceae",165,5.690342855
28,"pH","Enterobacteriaceae",169,4.592678668
28,"pH","Pseudomonadaceae",523,6.363493344
28,"pH","Enterobacteriaceae",276,4.976675107
28,"pH","Enterobacteriaceae",277,5.285247846
28,"pH","Enterobacteriaceae",278,4.662880112
28,"pH","Enterobacteriaceae",288,5.966499379
28,"pH","Enterobacteriaceae",289,4.706966936
28,"pH","Pseudomonadaceae",290,6.3585967
28,"pH","Pseudomonadaceae",444,6.400972425
28,"pH","Pseudomonadaceae",294,6.350299123
28,"pH","Enterobacteriaceae",295,6.085576543
28,"pH","Enterobacteriaceae",303,5.743960552
28,"pH","Pseudomonadaceae",304,6.448305977
28,"pH","Enterobacteriaceae",305,5.72356402
28,"pH","Enterobacteriaceae",308,6.304880723
28,"pH","Enterobacteriaceae",310,6.31858073
28,"pH","Enterobacteriaceae",311,6.325004159
28,"pH","Pseudomonadaceae",316,6.293778499
28,"pH","Enterobacteriaceae",317,6.371606157
28,"pH","Enterobacteriaceae",320,6.408293596
28,"pH","Pseudomonadaceae",321,6.362721652
28,"pH","Enterobacteriaceae",322,6.249311934
28,"pH","Pseudomonadaceae",325,6.332093341
28,"pH","Enterobacteriaceae",448,6.239542929
28,"pH","Pseudomonadaceae",449,6.339958548
48,"pH","Pseudomonadaceae",326,6.332093341
48,"pH","Enterobacteriaceae",327,6.534303066
48,"pH","Enterobacteriaceae",332,5.997321065
48,"pH","Pseudomonadaceae",335,6.272373447
48,"pH","Moraxellaceae",336,6.535116948
48,"pH","Enterobacteriaceae",338,6.39718356
48,"pH","Enterobacteriaceae",340,6.371606157
48,"pH","Enterobacteriaceae",461,6.394949193
48,"pH","Enterobacteriaceae",280,6.39917919
48,"pH","Aeromonadaceae",343,6.105116591
48,"pH","Enterobacteriaceae",344,6.066353964
48,"pH","Enterobacteriaceae",345,6.421494952
48,"pH","Enterobacteriaceae",346,5.474110347
48,"pH","Enterobacteriaceae",348,6.099068805
48,"pH","Pseudomonadaceae",350,6.655835377
48,"pH","Moraxellaceae",453,6.642554795
48,"pH","Moraxellaceae",454,6.528239184
48,"pH","Enterobacteriaceae",458,6.272373447
48,"pH","Enterobacteriaceae",460,6.04824015
48,"pH","Pseudomonadaceae",352,6.350299123
48,"pH","Enterobacteriaceae",356,6.381453
48,"pH","Pseudomonadaceae",462,6.371606157
48,"pH","Enterobacteriaceae",358,6.408293596
48,"pH","Enterobacteriaceae",360,6.285809737
48,"pH","Enterobacteriaceae",259,5.020497941
48,"pH","Enterobacteriaceae",364,6.434561555
48,"pH","Pseudomonadaceae",428,6.857808019
48,"pH","Pseudomonadaceae",432,6.371606157
48,"pH","Pseudomonadaceae",267,6.384465737
48,"pH","Enterobacteriaceae",269,6.187055134
48,"pH","Enterobacteriaceae",270,5.043876133
48,"pH","Enterobacteriaceae",435,5.101825647
48,"pH","Pseudomonadaceae",272,6.350299123
48,"pH","Enterobacteriaceae",273,6.021600937
48,"pH","Pseudomonadaceae",274,6.281129459
48,"pH","Enterobacteriaceae",438,6.434561555
48,"pH","Enterobacteriaceae",439,4.933713412
48,"pH","Enterobacteriaceae",283,5.298650269
48,"pH","Enterobacteriaceae",284,6.408293596
48,"pH","Enterobacteriaceae",286,4.776709061
48,"pH","Enterobacteriaceae",287,6.394949193
48,"pH","Enterobacteriaceae",440,6.212527516
48,"pH","Pseudomonadaceae",441,6.422224335
48,"pH","Enterobacteriaceae",442,5.519731768
48,"pH","Enterobacteriaceae",160,5.29671527
48,"pH","Enterobacteriaceae",165,6.125301907
48,"pH","Enterobacteriaceae",169,5.149155588
48,"pH","Pseudomonadaceae",523,6.408293596
48,"pH","Enterobacteriaceae",276,5.151622875
48,"pH","Enterobacteriaceae",277,5.836401587
48,"pH","Enterobacteriaceae",278,5.051537788
48,"pH","Enterobacteriaceae",288,6.160728101
48,"pH","Enterobacteriaceae",289,4.817776053
48,"pH","Pseudomonadaceae",290,6.488767545
48,"pH","Pseudomonadaceae",444,6.461916151
48,"pH","Pseudomonadaceae",294,6.272373447
48,"pH","Enterobacteriaceae",295,6.367795779
48,"pH","Enterobacteriaceae",303,5.854898895
48,"pH","Pseudomonadaceae",304,6.304880723
48,"pH","Enterobacteriaceae",305,5.854898895
48,"pH","Enterobacteriaceae",308,6.367795779
48,"pH","Enterobacteriaceae",310,6.411084432
48,"pH","Enterobacteriaceae",311,6.434561555
48,"pH","Pseudomonadaceae",316,6.3585967
48,"pH","Enterobacteriaceae",317,6.498136483
48,"pH","Enterobacteriaceae",320,6.434561555
48,"pH","Pseudomonadaceae",321,6.394949193
48,"pH","Enterobacteriaceae",322,6.434561555
48,"pH","Pseudomonadaceae",325,6.258136156
48,"pH","Enterobacteriaceae",448,6.475400625
48,"pH","Pseudomonadaceae",449,6.268303447
0,"acetate (mM)","Pseudomonadaceae",326,0
0,"acetate (mM)","Enterobacteriaceae",327,0
0,"acetate (mM)","Enterobacteriaceae",332,0
0,"acetate (mM)","Pseudomonadaceae",335,0
0,"acetate (mM)","Moraxellaceae",336,0
0,"acetate (mM)","Enterobacteriaceae",338,0
0,"acetate (mM)","Enterobacteriaceae",340,0
0,"acetate (mM)","Enterobacteriaceae",461,0
0,"acetate (mM)","Enterobacteriaceae",280,0
0,"acetate (mM)","Aeromonadaceae",343,0
0,"acetate (mM)","Enterobacteriaceae",344,0
0,"acetate (mM)","Enterobacteriaceae",345,0
0,"acetate (mM)","Enterobacteriaceae",346,0
0,"acetate (mM)","Enterobacteriaceae",348,0
0,"acetate (mM)","Pseudomonadaceae",350,0
0,"acetate (mM)","Moraxellaceae",453,0
0,"acetate (mM)","Moraxellaceae",454,0
0,"acetate (mM)","Enterobacteriaceae",458,0
0,"acetate (mM)","Enterobacteriaceae",460,0
0,"acetate (mM)","Pseudomonadaceae",352,0
0,"acetate (mM)","Enterobacteriaceae",356,0
0,"acetate (mM)","Pseudomonadaceae",462,0
0,"acetate (mM)","Enterobacteriaceae",358,0
0,"acetate (mM)","Enterobacteriaceae",360,0
0,"acetate (mM)","Enterobacteriaceae",259,0
0,"acetate (mM)","Enterobacteriaceae",364,0
0,"acetate (mM)","Pseudomonadaceae",428,0
0,"acetate (mM)","Pseudomonadaceae",432,0
0,"acetate (mM)","Pseudomonadaceae",267,0
0,"acetate (mM)","Enterobacteriaceae",269,0
0,"acetate (mM)","Enterobacteriaceae",270,0
0,"acetate (mM)","Enterobacteriaceae",435,0
0,"acetate (mM)","Pseudomonadaceae",272,0
0,"acetate (mM)","Enterobacteriaceae",273,0
0,"acetate (mM)","Pseudomonadaceae",274,0
0,"acetate (mM)","Enterobacteriaceae",438,0
0,"acetate (mM)","Enterobacteriaceae",439,0
0,"acetate (mM)","Enterobacteriaceae",283,0
0,"acetate (mM)","Enterobacteriaceae",284,0
0,"acetate (mM)","Enterobacteriaceae",286,0
0,"acetate (mM)","Enterobacteriaceae",287,0
0,"acetate (mM)","Enterobacteriaceae",440,0
0,"acetate (mM)","Pseudomonadaceae",441,0
0,"acetate (mM)","Enterobacteriaceae",442,0
0,"acetate (mM)","Enterobacteriaceae",160,0
0,"acetate (mM)","Enterobacteriaceae",165,0
0,"acetate (mM)","Enterobacteriaceae",169,0
0,"acetate (mM)","Pseudomonadaceae",523,0
0,"acetate (mM)","Enterobacteriaceae",276,0
0,"acetate (mM)","Enterobacteriaceae",277,0
0,"acetate (mM)","Enterobacteriaceae",278,0
0,"acetate (mM)","Enterobacteriaceae",288,0
0,"acetate (mM)","Enterobacteriaceae",289,0
0,"acetate (mM)","Pseudomonadaceae",290,0
0,"acetate (mM)","Pseudomonadaceae",444,0
0,"acetate (mM)","Pseudomonadaceae",294,0
0,"acetate (mM)","Enterobacteriaceae",295,0
0,"acetate (mM)","Enterobacteriaceae",303,0
0,"acetate (mM)","Pseudomonadaceae",304,0
0,"acetate (mM)","Enterobacteriaceae",305,0
0,"acetate (mM)","Enterobacteriaceae",308,0
0,"acetate (mM)","Enterobacteriaceae",310,0
0,"acetate (mM)","Enterobacteriaceae",311,0
0,"acetate (mM)","Pseudomonadaceae",316,0
0,"acetate (mM)","Enterobacteriaceae",317,0
0,"acetate (mM)","Enterobacteriaceae",320,0
0,"acetate (mM)","Pseudomonadaceae",321,0
0,"acetate (mM)","Enterobacteriaceae",322,0
0,"acetate (mM)","Pseudomonadaceae",325,0
0,"acetate (mM)","Enterobacteriaceae",448,0
0,"acetate (mM)","Pseudomonadaceae",449,0
16,"acetate (mM)","Pseudomonadaceae",326,0
16,"acetate (mM)","Enterobacteriaceae",327,6.454912866
16,"acetate (mM)","Enterobacteriaceae",332,9.463471257
16,"acetate (mM)","Pseudomonadaceae",335,0.089053126
16,"acetate (mM)","Moraxellaceae",336,0
16,"acetate (mM)","Enterobacteriaceae",338,6.198669676
16,"acetate (mM)","Enterobacteriaceae",340,7.379386753
16,"acetate (mM)","Enterobacteriaceae",461,7.363538201
16,"acetate (mM)","Enterobacteriaceae",280,7.617115023
16,"acetate (mM)","Aeromonadaceae",343,9.051408921
16,"acetate (mM)","Enterobacteriaceae",344,8.988014716
16,"acetate (mM)","Enterobacteriaceae",345,7.434856682
16,"acetate (mM)","Enterobacteriaceae",346,7.601266472
16,"acetate (mM)","Enterobacteriaceae",348,9.812139387
16,"acetate (mM)","Pseudomonadaceae",350,0
16,"acetate (mM)","Moraxellaceae",453,0
16,"acetate (mM)","Moraxellaceae",454,0
16,"acetate (mM)","Enterobacteriaceae",458,7.149582758
16,"acetate (mM)","Enterobacteriaceae",460,8.758210721
16,"acetate (mM)","Pseudomonadaceae",352,0
16,"acetate (mM)","Enterobacteriaceae",356,7.181279861
16,"acetate (mM)","Pseudomonadaceae",462,0
16,"acetate (mM)","Enterobacteriaceae",358,8.212946313
16,"acetate (mM)","Enterobacteriaceae",360,6.878098933
16,"acetate (mM)","Enterobacteriaceae",259,10.49379785
16,"acetate (mM)","Enterobacteriaceae",364,6.647544556
16,"acetate (mM)","Pseudomonadaceae",428,0
16,"acetate (mM)","Pseudomonadaceae",432,0
16,"acetate (mM)","Pseudomonadaceae",267,0
16,"acetate (mM)","Enterobacteriaceae",269,8.072406572
16,"acetate (mM)","Enterobacteriaceae",270,9.890635397
16,"acetate (mM)","Enterobacteriaceae",435,9.934342827
16,"acetate (mM)","Pseudomonadaceae",272,0.117655443
16,"acetate (mM)","Enterobacteriaceae",273,9.567200465
16,"acetate (mM)","Pseudomonadaceae",274,0
16,"acetate (mM)","Enterobacteriaceae",438,8.448290416
16,"acetate (mM)","Enterobacteriaceae",439,10.41512449
16,"acetate (mM)","Enterobacteriaceae",283,9.479785617
16,"acetate (mM)","Enterobacteriaceae",284,6.533905255
16,"acetate (mM)","Enterobacteriaceae",286,9.680839767
16,"acetate (mM)","Enterobacteriaceae",287,8.84165723
16,"acetate (mM)","Enterobacteriaceae",440,9.925601337
16,"acetate (mM)","Pseudomonadaceae",441,0
16,"acetate (mM)","Enterobacteriaceae",442,10.37141707
16,"acetate (mM)","Enterobacteriaceae",160,8.876599248
16,"acetate (mM)","Enterobacteriaceae",165,10.03045038
16,"acetate (mM)","Enterobacteriaceae",169,9.215967226
16,"acetate (mM)","Pseudomonadaceae",523,0.347150731
16,"acetate (mM)","Enterobacteriaceae",276,9.523493041
16,"acetate (mM)","Enterobacteriaceae",277,9.567200465
16,"acetate (mM)","Enterobacteriaceae",278,10.37141707
16,"acetate (mM)","Enterobacteriaceae",288,8.438348263
16,"acetate (mM)","Enterobacteriaceae",289,9.633606276
16,"acetate (mM)","Pseudomonadaceae",290,0.045558306
16,"acetate (mM)","Pseudomonadaceae",444,0.088864755
16,"acetate (mM)","Pseudomonadaceae",294,0
16,"acetate (mM)","Enterobacteriaceae",295,9.087945009
16,"acetate (mM)","Enterobacteriaceae",303,8.143864405
16,"acetate (mM)","Pseudomonadaceae",304,0
16,"acetate (mM)","Enterobacteriaceae",305,7.736783778
16,"acetate (mM)","Enterobacteriaceae",308,7.44229992
16,"acetate (mM)","Enterobacteriaceae",310,7.139154772
16,"acetate (mM)","Enterobacteriaceae",311,8.64935958
16,"acetate (mM)","Pseudomonadaceae",316,0.010913146
16,"acetate (mM)","Enterobacteriaceae",317,7.944654736
16,"acetate (mM)","Enterobacteriaceae",320,7.572219269
16,"acetate (mM)","Pseudomonadaceae",321,0.348703454
16,"acetate (mM)","Enterobacteriaceae",322,6.948606393
16,"acetate (mM)","Pseudomonadaceae",325,0.236106684
16,"acetate (mM)","Enterobacteriaceae",448,6.896638653
16,"acetate (mM)","Pseudomonadaceae",449,0.296735714
28,"acetate (mM)","Pseudomonadaceae",326,0.585099089
28,"acetate (mM)","Enterobacteriaceae",327,7.207299012
28,"acetate (mM)","Enterobacteriaceae",332,13.61198142
28,"acetate (mM)","Pseudomonadaceae",335,0.17423267
28,"acetate (mM)","Moraxellaceae",336,0.464256024
28,"acetate (mM)","Enterobacteriaceae",338,5.733013628
28,"acetate (mM)","Enterobacteriaceae",340,7.642334044
28,"acetate (mM)","Enterobacteriaceae",461,6.941444271
28,"acetate (mM)","Enterobacteriaceae",280,8.826596074
28,"acetate (mM)","Aeromonadaceae",343,11.94434714
28,"acetate (mM)","Enterobacteriaceae",344,12.2585391
28,"acetate (mM)","Enterobacteriaceae",345,8.778258848
28,"acetate (mM)","Enterobacteriaceae",346,14.67540039
28,"acetate (mM)","Enterobacteriaceae",348,13.90200478
28,"acetate (mM)","Pseudomonadaceae",350,0.17423267
28,"acetate (mM)","Moraxellaceae",453,0
28,"acetate (mM)","Moraxellaceae",454,0.464256024
28,"acetate (mM)","Enterobacteriaceae",458,10.13170117
28,"acetate (mM)","Enterobacteriaceae",460,13.201115
28,"acetate (mM)","Pseudomonadaceae",352,0.319244347
28,"acetate (mM)","Enterobacteriaceae",356,9.019944977
28,"acetate (mM)","Pseudomonadaceae",462,0.270907121
28,"acetate (mM)","Enterobacteriaceae",358,7.352310689
28,"acetate (mM)","Enterobacteriaceae",360,6.603083691
28,"acetate (mM)","Enterobacteriaceae",259,17.93816313
28,"acetate (mM)","Enterobacteriaceae",364,6.651420916
28,"acetate (mM)","Pseudomonadaceae",428,0.246738508
28,"acetate (mM)","Pseudomonadaceae",432,0.295075734
28,"acetate (mM)","Pseudomonadaceae",267,0.464256024
28,"acetate (mM)","Enterobacteriaceae",269,9.672497524
28,"acetate (mM)","Enterobacteriaceae",270,17.35811642
28,"acetate (mM)","Enterobacteriaceae",435,18.95324487
28,"acetate (mM)","Pseudomonadaceae",272,0.295075734
28,"acetate (mM)","Enterobacteriaceae",273,10.44589314
28,"acetate (mM)","Pseudomonadaceae",274,0.585099089
28,"acetate (mM)","Enterobacteriaceae",438,9.237462493
28,"acetate (mM)","Enterobacteriaceae",439,17.21310474
28,"acetate (mM)","Enterobacteriaceae",283,14.67540039
28,"acetate (mM)","Enterobacteriaceae",284,6.337228949
28,"acetate (mM)","Enterobacteriaceae",286,14.55455732
28,"acetate (mM)","Enterobacteriaceae",287,8.222380752
28,"acetate (mM)","Enterobacteriaceae",440,9.358305557
28,"acetate (mM)","Pseudomonadaceae",441,0.319244347
28,"acetate (mM)","Enterobacteriaceae",442,14.65123178
28,"acetate (mM)","Enterobacteriaceae",160,11.43680627
28,"acetate (mM)","Enterobacteriaceae",165,9.769171975
28,"acetate (mM)","Enterobacteriaceae",169,11.24345736
28,"acetate (mM)","Pseudomonadaceae",523,0.440087411
28,"acetate (mM)","Enterobacteriaceae",276,13.61198142
28,"acetate (mM)","Enterobacteriaceae",277,11.63015517
28,"acetate (mM)","Enterobacteriaceae",278,15.06209819
28,"acetate (mM)","Enterobacteriaceae",288,11.48514349
28,"acetate (mM)","Enterobacteriaceae",289,15.83549381
28,"acetate (mM)","Pseudomonadaceae",290,0.077558218
28,"acetate (mM)","Pseudomonadaceae",444,0.101726831
28,"acetate (mM)","Pseudomonadaceae",294,0
28,"acetate (mM)","Enterobacteriaceae",295,9.962520877
28,"acetate (mM)","Enterobacteriaceae",303,9.019944977
28,"acetate (mM)","Pseudomonadaceae",304,0.415918799
28,"acetate (mM)","Enterobacteriaceae",305,8.8749333
28,"acetate (mM)","Enterobacteriaceae",308,8.294886591
28,"acetate (mM)","Enterobacteriaceae",310,8.149874914
28,"acetate (mM)","Enterobacteriaceae",311,8.222380752
28,"acetate (mM)","Pseudomonadaceae",316,0.754279379
28,"acetate (mM)","Enterobacteriaceae",317,8.923270525
28,"acetate (mM)","Enterobacteriaceae",320,7.303973464
28,"acetate (mM)","Pseudomonadaceae",321,1.213483023
28,"acetate (mM)","Enterobacteriaceae",322,7.666502657
28,"acetate (mM)","Pseudomonadaceae",325,1.3584947
28,"acetate (mM)","Enterobacteriaceae",448,7.448985141
28,"acetate (mM)","Pseudomonadaceae",449,0.85095383
48,"acetate (mM)","Pseudomonadaceae",326,0.070743771
48,"acetate (mM)","Enterobacteriaceae",327,6.075768773
48,"acetate (mM)","Enterobacteriaceae",332,20.13459201
48,"acetate (mM)","Pseudomonadaceae",335,0
48,"acetate (mM)","Moraxellaceae",336,0.047194654
48,"acetate (mM)","Enterobacteriaceae",338,6.028670537
48,"acetate (mM)","Enterobacteriaceae",340,7.276773773
48,"acetate (mM)","Enterobacteriaceae",461,6.947086126
48,"acetate (mM)","Enterobacteriaceae",280,8.40713142
48,"acetate (mM)","Aeromonadaceae",343,10.12621701
48,"acetate (mM)","Enterobacteriaceae",344,14.01182142
48,"acetate (mM)","Enterobacteriaceae",345,7.771305244
48,"acetate (mM)","Enterobacteriaceae",346,26.5164029
48,"acetate (mM)","Enterobacteriaceae",348,16.88481378
48,"acetate (mM)","Pseudomonadaceae",350,0
48,"acetate (mM)","Moraxellaceae",453,0.188489359
48,"acetate (mM)","Moraxellaceae",454,0
48,"acetate (mM)","Enterobacteriaceae",458,8.501327891
48,"acetate (mM)","Enterobacteriaceae",460,13.35244613
48,"acetate (mM)","Pseudomonadaceae",352,0
48,"acetate (mM)","Enterobacteriaceae",356,7.630010538
48,"acetate (mM)","Pseudomonadaceae",462,0
48,"acetate (mM)","Enterobacteriaceae",358,7.700657891
48,"acetate (mM)","Enterobacteriaceae",360,13.82342848
48,"acetate (mM)","Enterobacteriaceae",259,26.21026437
48,"acetate (mM)","Enterobacteriaceae",364,4.49797789
48,"acetate (mM)","Pseudomonadaceae",428,0.447529654
48,"acetate (mM)","Pseudomonadaceae",432,0.117842006
48,"acetate (mM)","Pseudomonadaceae",267,0.070743771
48,"acetate (mM)","Enterobacteriaceae",269,6.899987891
48,"acetate (mM)","Enterobacteriaceae",270,29.38939525
48,"acetate (mM)","Enterobacteriaceae",435,29.27164966
48,"acetate (mM)","Pseudomonadaceae",272,0.635922595
48,"acetate (mM)","Enterobacteriaceae",273,8.289385832
48,"acetate (mM)","Pseudomonadaceae",274,0.659471713
48,"acetate (mM)","Enterobacteriaceae",438,0.117842006
48,"acetate (mM)","Enterobacteriaceae",439,28.77711819
48,"acetate (mM)","Enterobacteriaceae",283,22.27756172
48,"acetate (mM)","Enterobacteriaceae",284,4.309584949
48,"acetate (mM)","Enterobacteriaceae",286,27.08158172
48,"acetate (mM)","Enterobacteriaceae",287,6.735144067
48,"acetate (mM)","Enterobacteriaceae",440,7.253224655
48,"acetate (mM)","Pseudomonadaceae",441,0
48,"acetate (mM)","Enterobacteriaceae",442,21.64173554
48,"acetate (mM)","Enterobacteriaceae",160,21.21785143
48,"acetate (mM)","Enterobacteriaceae",165,13.49374084
48,"acetate (mM)","Enterobacteriaceae",169,25.26829966
48,"acetate (mM)","Pseudomonadaceae",523,0.447529654
48,"acetate (mM)","Enterobacteriaceae",276,24.39698231
48,"acetate (mM)","Enterobacteriaceae",277,18.29776084
48,"acetate (mM)","Enterobacteriaceae",278,24.9150629
48,"acetate (mM)","Enterobacteriaceae",288,9.325547009
48,"acetate (mM)","Enterobacteriaceae",289,23.10178084
48,"acetate (mM)","Pseudomonadaceae",290,0.471078771
48,"acetate (mM)","Pseudomonadaceae",444,0
48,"acetate (mM)","Pseudomonadaceae",294,0
48,"acetate (mM)","Enterobacteriaceae",295,8.666171715
48,"acetate (mM)","Enterobacteriaceae",303,10.66784672
48,"acetate (mM)","Pseudomonadaceae",304,0.094292889
48,"acetate (mM)","Enterobacteriaceae",305,9.537489068
48,"acetate (mM)","Enterobacteriaceae",308,10.47945378
48,"acetate (mM)","Enterobacteriaceae",310,6.334809067
48,"acetate (mM)","Enterobacteriaceae",311,6.711594949
48,"acetate (mM)","Pseudomonadaceae",316,9.64e-05
48,"acetate (mM)","Enterobacteriaceae",317,6.80579142
48,"acetate (mM)","Enterobacteriaceae",320,6.429005537
48,"acetate (mM)","Pseudomonadaceae",321,0.918512007
48,"acetate (mM)","Enterobacteriaceae",322,6.311259949
48,"acetate (mM)","Pseudomonadaceae",325,1.978222301
48,"acetate (mM)","Enterobacteriaceae",448,5.910924949
48,"acetate (mM)","Pseudomonadaceae",449,7.159028185
0,"succinate (mM)","Pseudomonadaceae",326,0
0,"succinate (mM)","Enterobacteriaceae",327,0
0,"succinate (mM)","Enterobacteriaceae",332,0
0,"succinate (mM)","Pseudomonadaceae",335,0
0,"succinate (mM)","Moraxellaceae",336,0
0,"succinate (mM)","Enterobacteriaceae",338,0
0,"succinate (mM)","Enterobacteriaceae",340,0
0,"succinate (mM)","Enterobacteriaceae",461,0
0,"succinate (mM)","Enterobacteriaceae",280,0
0,"succinate (mM)","Aeromonadaceae",343,0
0,"succinate (mM)","Enterobacteriaceae",344,0
0,"succinate (mM)","Enterobacteriaceae",345,0
0,"succinate (mM)","Enterobacteriaceae",346,0
0,"succinate (mM)","Enterobacteriaceae",348,0
0,"succinate (mM)","Pseudomonadaceae",350,0
0,"succinate (mM)","Moraxellaceae",453,0
0,"succinate (mM)","Moraxellaceae",454,0
0,"succinate (mM)","Enterobacteriaceae",458,0
0,"succinate (mM)","Enterobacteriaceae",460,0
0,"succinate (mM)","Pseudomonadaceae",352,0
0,"succinate (mM)","Enterobacteriaceae",356,0
0,"succinate (mM)","Pseudomonadaceae",462,0
0,"succinate (mM)","Enterobacteriaceae",358,0
0,"succinate (mM)","Enterobacteriaceae",360,0
0,"succinate (mM)","Enterobacteriaceae",259,0
0,"succinate (mM)","Enterobacteriaceae",364,0
0,"succinate (mM)","Pseudomonadaceae",428,0
0,"succinate (mM)","Pseudomonadaceae",432,0
0,"succinate (mM)","Pseudomonadaceae",267,0
0,"succinate (mM)","Enterobacteriaceae",269,0
0,"succinate (mM)","Enterobacteriaceae",270,0
0,"succinate (mM)","Enterobacteriaceae",435,0
0,"succinate (mM)","Pseudomonadaceae",272,0
0,"succinate (mM)","Enterobacteriaceae",273,0
0,"succinate (mM)","Pseudomonadaceae",274,0
0,"succinate (mM)","Enterobacteriaceae",438,0
0,"succinate (mM)","Enterobacteriaceae",439,0
0,"succinate (mM)","Enterobacteriaceae",283,0
0,"succinate (mM)","Enterobacteriaceae",284,0
0,"succinate (mM)","Enterobacteriaceae",286,0
0,"succinate (mM)","Enterobacteriaceae",287,0
0,"succinate (mM)","Enterobacteriaceae",440,0
0,"succinate (mM)","Pseudomonadaceae",441,0
0,"succinate (mM)","Enterobacteriaceae",442,0
0,"succinate (mM)","Enterobacteriaceae",160,0
0,"succinate (mM)","Enterobacteriaceae",165,0
0,"succinate (mM)","Enterobacteriaceae",169,0
0,"succinate (mM)","Pseudomonadaceae",523,0
0,"succinate (mM)","Enterobacteriaceae",276,0
0,"succinate (mM)","Enterobacteriaceae",277,0
0,"succinate (mM)","Enterobacteriaceae",278,0
0,"succinate (mM)","Enterobacteriaceae",288,0
0,"succinate (mM)","Enterobacteriaceae",289,0
0,"succinate (mM)","Pseudomonadaceae",290,0
0,"succinate (mM)","Pseudomonadaceae",444,0
0,"succinate (mM)","Pseudomonadaceae",294,0
0,"succinate (mM)","Enterobacteriaceae",295,0
0,"succinate (mM)","Enterobacteriaceae",303,0
0,"succinate (mM)","Pseudomonadaceae",304,0
0,"succinate (mM)","Enterobacteriaceae",305,0
0,"succinate (mM)","Enterobacteriaceae",308,0
0,"succinate (mM)","Enterobacteriaceae",310,0
0,"succinate (mM)","Enterobacteriaceae",311,0
0,"succinate (mM)","Pseudomonadaceae",316,0
0,"succinate (mM)","Enterobacteriaceae",317,0
0,"succinate (mM)","Enterobacteriaceae",320,0
0,"succinate (mM)","Pseudomonadaceae",321,0
0,"succinate (mM)","Enterobacteriaceae",322,0
0,"succinate (mM)","Pseudomonadaceae",325,0
0,"succinate (mM)","Enterobacteriaceae",448,0
0,"succinate (mM)","Pseudomonadaceae",449,0
16,"succinate (mM)","Pseudomonadaceae",326,0.001157298
16,"succinate (mM)","Enterobacteriaceae",327,0.552794855
16,"succinate (mM)","Enterobacteriaceae",332,0.150363407
16,"succinate (mM)","Pseudomonadaceae",335,0.017473303
16,"succinate (mM)","Moraxellaceae",336,0.013431923
16,"succinate (mM)","Enterobacteriaceae",338,0.545943249
16,"succinate (mM)","Enterobacteriaceae",340,0.282064868
16,"succinate (mM)","Enterobacteriaceae",461,0.279925314
16,"succinate (mM)","Enterobacteriaceae",280,0.579938391
16,"succinate (mM)","Aeromonadaceae",343,0.716869875
16,"succinate (mM)","Enterobacteriaceae",344,0.394034884
16,"succinate (mM)","Enterobacteriaceae",345,0.309641348
16,"succinate (mM)","Enterobacteriaceae",346,0.479379333
16,"succinate (mM)","Enterobacteriaceae",348,0.39593671
16,"succinate (mM)","Pseudomonadaceae",350,0.009865999
16,"succinate (mM)","Moraxellaceae",453,0.022227869
16,"succinate (mM)","Moraxellaceae",454,0.016284662
16,"succinate (mM)","Enterobacteriaceae",458,0.696662972
16,"succinate (mM)","Enterobacteriaceae",460,0.367171589
16,"succinate (mM)","Pseudomonadaceae",352,0.022227869
16,"succinate (mM)","Enterobacteriaceae",356,0.31891275
16,"succinate (mM)","Pseudomonadaceae",462,0.019612858
16,"succinate (mM)","Enterobacteriaceae",358,0.240069518
16,"succinate (mM)","Enterobacteriaceae",360,0.242331971
16,"succinate (mM)","Enterobacteriaceae",259,0.46009373
16,"succinate (mM)","Enterobacteriaceae",364,0.815435085
16,"succinate (mM)","Pseudomonadaceae",428,0.001952514
16,"succinate (mM)","Pseudomonadaceae",432,0.005623937
16,"succinate (mM)","Pseudomonadaceae",267,0.011131073
16,"succinate (mM)","Enterobacteriaceae",269,0.611146587
16,"succinate (mM)","Enterobacteriaceae",270,0.490776341
16,"succinate (mM)","Enterobacteriaceae",435,0.440425389
16,"succinate (mM)","Pseudomonadaceae",272,0.014802496
16,"succinate (mM)","Enterobacteriaceae",273,0.648909801
16,"succinate (mM)","Pseudomonadaceae",274,0.011131073
16,"succinate (mM)","Enterobacteriaceae",438,0.795242256
16,"succinate (mM)","Enterobacteriaceae",439,0.491300831
16,"succinate (mM)","Enterobacteriaceae",283,0.513853861
16,"succinate (mM)","Enterobacteriaceae",284,0.809403461
16,"succinate (mM)","Enterobacteriaceae",286,0.377748944
16,"succinate (mM)","Enterobacteriaceae",287,0.325824524
16,"succinate (mM)","Enterobacteriaceae",440,0.626881259
16,"succinate (mM)","Pseudomonadaceae",441,0.011131073
16,"succinate (mM)","Enterobacteriaceae",442,0.559222167
16,"succinate (mM)","Enterobacteriaceae",160,0.440749116
16,"succinate (mM)","Enterobacteriaceae",165,0.249119331
16,"succinate (mM)","Enterobacteriaceae",169,0.328305192
16,"succinate (mM)","Pseudomonadaceae",523,0.000928216
16,"succinate (mM)","Enterobacteriaceae",276,0.564729302
16,"succinate (mM)","Enterobacteriaceae",277,0.303009249
16,"succinate (mM)","Enterobacteriaceae",278,0.432558053
16,"succinate (mM)","Enterobacteriaceae",288,0.297633253
16,"succinate (mM)","Enterobacteriaceae",289,0.474843246
16,"succinate (mM)","Pseudomonadaceae",290,0.001936815
16,"succinate (mM)","Pseudomonadaceae",444,0.001676976
16,"succinate (mM)","Pseudomonadaceae",294,0.000117944
16,"succinate (mM)","Enterobacteriaceae",295,0.330892607
16,"succinate (mM)","Enterobacteriaceae",303,0.370907766
16,"succinate (mM)","Pseudomonadaceae",304,0.002976169
16,"succinate (mM)","Enterobacteriaceae",305,0.364931476
16,"succinate (mM)","Enterobacteriaceae",308,0.341545993
16,"succinate (mM)","Enterobacteriaceae",310,0.333750832
16,"succinate (mM)","Enterobacteriaceae",311,0.371687282
16,"succinate (mM)","Pseudomonadaceae",316,0.002976169
16,"succinate (mM)","Enterobacteriaceae",317,0.412741797
16,"succinate (mM)","Enterobacteriaceae",320,0.36623067
16,"succinate (mM)","Pseudomonadaceae",321,0.007913105
16,"succinate (mM)","Enterobacteriaceae",322,0.34414438
16,"succinate (mM)","Pseudomonadaceae",325,0.008692621
16,"succinate (mM)","Enterobacteriaceae",448,0.362592928
16,"succinate (mM)","Pseudomonadaceae",449,0.007913105
28,"succinate (mM)","Pseudomonadaceae",326,0
28,"succinate (mM)","Enterobacteriaceae",327,0.131856164
28,"succinate (mM)","Enterobacteriaceae",332,0.253062019
28,"succinate (mM)","Pseudomonadaceae",335,0.024605152
28,"succinate (mM)","Moraxellaceae",336,0.018899673
28,"succinate (mM)","Enterobacteriaceae",338,0.442769179
28,"succinate (mM)","Enterobacteriaceae",340,0.030786087
28,"succinate (mM)","Enterobacteriaceae",461,0.052657087
28,"succinate (mM)","Enterobacteriaceae",280,0.532868194
28,"succinate (mM)","Aeromonadaceae",343,0.589922979
28,"succinate (mM)","Enterobacteriaceae",344,0.452516038
28,"succinate (mM)","Enterobacteriaceae",345,0.014858292
28,"succinate (mM)","Enterobacteriaceae",346,0.546894162
28,"succinate (mM)","Enterobacteriaceae",348,0.46606655
28,"succinate (mM)","Pseudomonadaceae",350,0.017711032
28,"succinate (mM)","Moraxellaceae",453,0.016284662
28,"succinate (mM)","Moraxellaceae",454,0.017473303
28,"succinate (mM)","Enterobacteriaceae",458,0.659101905
28,"succinate (mM)","Enterobacteriaceae",460,0.447048288
28,"succinate (mM)","Pseudomonadaceae",352,0.01652239
28,"succinate (mM)","Enterobacteriaceae",356,0.045762968
28,"succinate (mM)","Pseudomonadaceae",462,0.015096021
28,"succinate (mM)","Enterobacteriaceae",358,0
28,"succinate (mM)","Enterobacteriaceae",360,0.03554375
28,"succinate (mM)","Enterobacteriaceae",259,0.440687634
28,"succinate (mM)","Enterobacteriaceae",364,0.73256581
28,"succinate (mM)","Pseudomonadaceae",428,0.007984138
28,"succinate (mM)","Pseudomonadaceae",432,0.011917806
28,"succinate (mM)","Pseudomonadaceae",267,0.016113719
28,"succinate (mM)","Enterobacteriaceae",269,0.51726304
28,"succinate (mM)","Enterobacteriaceae",270,0.475303913
28,"succinate (mM)","Enterobacteriaceae",435,0.467698822
28,"succinate (mM)","Pseudomonadaceae",272,0.003263737
28,"succinate (mM)","Enterobacteriaceae",273,0.57207215
28,"succinate (mM)","Pseudomonadaceae",274,0.013753518
28,"succinate (mM)","Enterobacteriaceae",438,0.667004674
28,"succinate (mM)","Enterobacteriaceae",439,0.443047835
28,"succinate (mM)","Enterobacteriaceae",283,0.528277311
28,"succinate (mM)","Enterobacteriaceae",284,0.762461688
28,"succinate (mM)","Enterobacteriaceae",286,0.415774402
28,"succinate (mM)","Enterobacteriaceae",287,0.00693516
28,"succinate (mM)","Enterobacteriaceae",440,0.503626324
28,"succinate (mM)","Pseudomonadaceae",441,0.019785143
28,"succinate (mM)","Enterobacteriaceae",442,0.577054796
28,"succinate (mM)","Enterobacteriaceae",160,0.402966148
28,"succinate (mM)","Enterobacteriaceae",165,0.297762074
28,"succinate (mM)","Enterobacteriaceae",169,0.316766681
28,"succinate (mM)","Pseudomonadaceae",523,0.006131858
28,"succinate (mM)","Enterobacteriaceae",276,0.498119189
28,"succinate (mM)","Enterobacteriaceae",277,0.302222515
28,"succinate (mM)","Enterobacteriaceae",278,0.411840734
28,"succinate (mM)","Enterobacteriaceae",288,0.251122126
28,"succinate (mM)","Enterobacteriaceae",289,0.459252924
28,"succinate (mM)","Pseudomonadaceae",290,0.005574556
28,"succinate (mM)","Pseudomonadaceae",444,0.005314718
28,"succinate (mM)","Pseudomonadaceae",294,0.006354072
28,"succinate (mM)","Enterobacteriaceae",295,0.296593898
28,"succinate (mM)","Enterobacteriaceae",303,0.203051967
28,"succinate (mM)","Pseudomonadaceae",304,0.000637621
28,"succinate (mM)","Enterobacteriaceae",305,0.250862288
28,"succinate (mM)","Enterobacteriaceae",308,0.176288581
28,"succinate (mM)","Enterobacteriaceae",310,0.177847613
28,"succinate (mM)","Enterobacteriaceae",311,0.188501
28,"succinate (mM)","Pseudomonadaceae",316,0.00479504
28,"succinate (mM)","Enterobacteriaceae",317,0.264114061
28,"succinate (mM)","Enterobacteriaceae",320,0
28,"succinate (mM)","Pseudomonadaceae",321,0.005574556
28,"succinate (mM)","Enterobacteriaceae",322,0.264893577
28,"succinate (mM)","Pseudomonadaceae",325,0.00479504
28,"succinate (mM)","Enterobacteriaceae",448,0.263854222
28,"succinate (mM)","Pseudomonadaceae",449,0.004015524
48,"succinate (mM)","Pseudomonadaceae",326,0
48,"succinate (mM)","Enterobacteriaceae",327,0
48,"succinate (mM)","Enterobacteriaceae",332,0.009152814
48,"succinate (mM)","Pseudomonadaceae",335,0.034827467
48,"succinate (mM)","Moraxellaceae",336,0.021276956
48,"succinate (mM)","Enterobacteriaceae",338,0.030548358
48,"succinate (mM)","Enterobacteriaceae",340,0.01105464
48,"succinate (mM)","Enterobacteriaceae",461,0.012956466
48,"succinate (mM)","Enterobacteriaceae",280,0.013431923
48,"succinate (mM)","Aeromonadaceae",343,0.029359717
48,"succinate (mM)","Enterobacteriaceae",344,0.03720475
48,"succinate (mM)","Enterobacteriaceae",345,0.008915086
48,"succinate (mM)","Enterobacteriaceae",346,0.431358222
48,"succinate (mM)","Enterobacteriaceae",348,0.022227869
48,"succinate (mM)","Pseudomonadaceae",350,0.017235575
48,"succinate (mM)","Moraxellaceae",453,0.021039228
48,"succinate (mM)","Moraxellaceae",454,0.022465597
48,"succinate (mM)","Enterobacteriaceae",458,0.013431923
48,"succinate (mM)","Enterobacteriaceae",460,0.138239265
48,"succinate (mM)","Pseudomonadaceae",352,0.024367423
48,"succinate (mM)","Enterobacteriaceae",356,0.007964173
48,"succinate (mM)","Pseudomonadaceae",462,0.021990141
48,"succinate (mM)","Enterobacteriaceae",358,0
48,"succinate (mM)","Enterobacteriaceae",360,0
48,"succinate (mM)","Enterobacteriaceae",259,0.308516384
48,"succinate (mM)","Enterobacteriaceae",364,0.002214758
48,"succinate (mM)","Pseudomonadaceae",428,0.010082095
48,"succinate (mM)","Pseudomonadaceae",432,0.021620855
48,"succinate (mM)","Pseudomonadaceae",267,0.020047387
48,"succinate (mM)","Enterobacteriaceae",269,0.06410447
48,"succinate (mM)","Enterobacteriaceae",270,0.432558053
48,"succinate (mM)","Enterobacteriaceae",435,0.344968376
48,"succinate (mM)","Pseudomonadaceae",272,0.044960619
48,"succinate (mM)","Enterobacteriaceae",273,0.268392969
48,"succinate (mM)","Pseudomonadaceae",274,0.016638208
48,"succinate (mM)","Enterobacteriaceae",438,0.004837204
48,"succinate (mM)","Enterobacteriaceae",439,0.395843817
48,"succinate (mM)","Enterobacteriaceae",283,0.461929442
48,"succinate (mM)","Enterobacteriaceae",284,0.002214758
48,"succinate (mM)","Enterobacteriaceae",286,0.290946
48,"succinate (mM)","Enterobacteriaceae",287,0.007197405
48,"succinate (mM)","Enterobacteriaceae",440,0.201782855
48,"succinate (mM)","Pseudomonadaceae",441,0.022932077
48,"succinate (mM)","Enterobacteriaceae",442,0.571547661
48,"succinate (mM)","Enterobacteriaceae",160,0.32988891
48,"succinate (mM)","Enterobacteriaceae",165,0
48,"succinate (mM)","Enterobacteriaceae",169,0.198214134
48,"succinate (mM)","Pseudomonadaceae",523,0.010204274
48,"succinate (mM)","Enterobacteriaceae",276,0.444359057
48,"succinate (mM)","Enterobacteriaceae",277,0.308516384
48,"succinate (mM)","Enterobacteriaceae",278,0.291470489
48,"succinate (mM)","Enterobacteriaceae",288,0
48,"succinate (mM)","Enterobacteriaceae",289,0.471725181
48,"succinate (mM)","Pseudomonadaceae",290,0.014928749
48,"succinate (mM)","Pseudomonadaceae",444,0.015708266
48,"succinate (mM)","Pseudomonadaceae",294,0.013629556
48,"succinate (mM)","Enterobacteriaceae",295,0.007653266
48,"succinate (mM)","Enterobacteriaceae",303,0.008172943
48,"succinate (mM)","Pseudomonadaceae",304,0.004275363
48,"succinate (mM)","Enterobacteriaceae",305,0.010251653
48,"succinate (mM)","Enterobacteriaceae",308,0
48,"succinate (mM)","Enterobacteriaceae",310,0.001417137
48,"succinate (mM)","Enterobacteriaceae",311,0.020125523
48,"succinate (mM)","Pseudomonadaceae",316,0.004015524
48,"succinate (mM)","Enterobacteriaceae",317,0.034936329
48,"succinate (mM)","Enterobacteriaceae",320,0.009731975
48,"succinate (mM)","Pseudomonadaceae",321,0.015188588
48,"succinate (mM)","Enterobacteriaceae",322,0.008432782
48,"succinate (mM)","Pseudomonadaceae",325,0.014928749
48,"succinate (mM)","Enterobacteriaceae",448,0.019605846
48,"succinate (mM)","Pseudomonadaceae",449,0.030259233
0,"lactate (mM)","Pseudomonadaceae",326,0
0,"lactate (mM)","Enterobacteriaceae",327,0
0,"lactate (mM)","Enterobacteriaceae",332,0
0,"lactate (mM)","Pseudomonadaceae",335,0
0,"lactate (mM)","Moraxellaceae",336,0
0,"lactate (mM)","Enterobacteriaceae",338,0
0,"lactate (mM)","Enterobacteriaceae",340,0
0,"lactate (mM)","Enterobacteriaceae",461,0
0,"lactate (mM)","Enterobacteriaceae",280,0
0,"lactate (mM)","Aeromonadaceae",343,0
0,"lactate (mM)","Enterobacteriaceae",344,0
0,"lactate (mM)","Enterobacteriaceae",345,0
0,"lactate (mM)","Enterobacteriaceae",346,0
0,"lactate (mM)","Enterobacteriaceae",348,0
0,"lactate (mM)","Pseudomonadaceae",350,0
0,"lactate (mM)","Moraxellaceae",453,0
0,"lactate (mM)","Moraxellaceae",454,0
0,"lactate (mM)","Enterobacteriaceae",458,0
0,"lactate (mM)","Enterobacteriaceae",460,0
0,"lactate (mM)","Pseudomonadaceae",352,0
0,"lactate (mM)","Enterobacteriaceae",356,0
0,"lactate (mM)","Pseudomonadaceae",462,0
0,"lactate (mM)","Enterobacteriaceae",358,0
0,"lactate (mM)","Enterobacteriaceae",360,0
0,"lactate (mM)","Enterobacteriaceae",259,0
0,"lactate (mM)","Enterobacteriaceae",364,0
0,"lactate (mM)","Pseudomonadaceae",428,0
0,"lactate (mM)","Pseudomonadaceae",432,0
0,"lactate (mM)","Pseudomonadaceae",267,0
0,"lactate (mM)","Enterobacteriaceae",269,0
0,"lactate (mM)","Enterobacteriaceae",270,0
0,"lactate (mM)","Enterobacteriaceae",435,0
0,"lactate (mM)","Pseudomonadaceae",272,0
0,"lactate (mM)","Enterobacteriaceae",273,0
0,"lactate (mM)","Pseudomonadaceae",274,0
0,"lactate (mM)","Enterobacteriaceae",438,0
0,"lactate (mM)","Enterobacteriaceae",439,0
0,"lactate (mM)","Enterobacteriaceae",283,0
0,"lactate (mM)","Enterobacteriaceae",284,0
0,"lactate (mM)","Enterobacteriaceae",286,0
0,"lactate (mM)","Enterobacteriaceae",287,0
0,"lactate (mM)","Enterobacteriaceae",440,0
0,"lactate (mM)","Pseudomonadaceae",441,0
0,"lactate (mM)","Enterobacteriaceae",442,0
0,"lactate (mM)","Enterobacteriaceae",160,0
0,"lactate (mM)","Enterobacteriaceae",165,0
0,"lactate (mM)","Enterobacteriaceae",169,0
0,"lactate (mM)","Pseudomonadaceae",523,0
0,"lactate (mM)","Enterobacteriaceae",276,0
0,"lactate (mM)","Enterobacteriaceae",277,0
0,"lactate (mM)","Enterobacteriaceae",278,0
0,"lactate (mM)","Enterobacteriaceae",288,0
0,"lactate (mM)","Enterobacteriaceae",289,0
0,"lactate (mM)","Pseudomonadaceae",290,0
0,"lactate (mM)","Pseudomonadaceae",444,0
0,"lactate (mM)","Pseudomonadaceae",294,0
0,"lactate (mM)","Enterobacteriaceae",295,0
0,"lactate (mM)","Enterobacteriaceae",303,0
0,"lactate (mM)","Pseudomonadaceae",304,0
0,"lactate (mM)","Enterobacteriaceae",305,0
0,"lactate (mM)","Enterobacteriaceae",308,0
0,"lactate (mM)","Enterobacteriaceae",310,0
0,"lactate (mM)","Enterobacteriaceae",311,0
0,"lactate (mM)","Pseudomonadaceae",316,0
0,"lactate (mM)","Enterobacteriaceae",317,0
0,"lactate (mM)","Enterobacteriaceae",320,0
0,"lactate (mM)","Pseudomonadaceae",321,0
0,"lactate (mM)","Enterobacteriaceae",322,0
0,"lactate (mM)","Pseudomonadaceae",325,0
0,"lactate (mM)","Enterobacteriaceae",448,0
0,"lactate (mM)","Pseudomonadaceae",449,0
16,"lactate (mM)","Pseudomonadaceae",326,0
16,"lactate (mM)","Enterobacteriaceae",327,0.373094031
16,"lactate (mM)","Enterobacteriaceae",332,3.874438009
16,"lactate (mM)","Pseudomonadaceae",335,0
16,"lactate (mM)","Moraxellaceae",336,0
16,"lactate (mM)","Enterobacteriaceae",338,0.554857789
16,"lactate (mM)","Enterobacteriaceae",340,2.905031297
16,"lactate (mM)","Enterobacteriaceae",461,3.000696433
16,"lactate (mM)","Enterobacteriaceae",280,0.765321088
16,"lactate (mM)","Aeromonadaceae",343,3.526854682
16,"lactate (mM)","Enterobacteriaceae",344,3.986047334
16,"lactate (mM)","Enterobacteriaceae",345,3.584253763
16,"lactate (mM)","Enterobacteriaceae",346,3.115494597
16,"lactate (mM)","Enterobacteriaceae",348,4.005180362
16,"lactate (mM)","Pseudomonadaceae",350,0
16,"lactate (mM)","Moraxellaceae",453,0
16,"lactate (mM)","Moraxellaceae",454,0
16,"lactate (mM)","Enterobacteriaceae",458,2.484104699
16,"lactate (mM)","Enterobacteriaceae",460,3.485399789
16,"lactate (mM)","Pseudomonadaceae",352,0.019133027
16,"lactate (mM)","Enterobacteriaceae",356,3.702240764
16,"lactate (mM)","Pseudomonadaceae",462,0.009566514
16,"lactate (mM)","Enterobacteriaceae",358,2.920975487
16,"lactate (mM)","Enterobacteriaceae",360,0.794020629
16,"lactate (mM)","Enterobacteriaceae",259,3.459889086
16,"lactate (mM)","Enterobacteriaceae",364,2.790233134
16,"lactate (mM)","Pseudomonadaceae",428,0.047832568
16,"lactate (mM)","Pseudomonadaceae",432,0.019133027
16,"lactate (mM)","Pseudomonadaceae",267,0
16,"lactate (mM)","Enterobacteriaceae",269,0.685600142
16,"lactate (mM)","Enterobacteriaceae",270,4.464373015
16,"lactate (mM)","Enterobacteriaceae",435,4.693969341
16,"lactate (mM)","Pseudomonadaceae",272,0.057399082
16,"lactate (mM)","Enterobacteriaceae",273,0.58355733
16,"lactate (mM)","Pseudomonadaceae",274,0
16,"lactate (mM)","Enterobacteriaceae",438,2.863576405
16,"lactate (mM)","Enterobacteriaceae",439,4.359141365
16,"lactate (mM)","Enterobacteriaceae",283,5.303037374
16,"lactate (mM)","Enterobacteriaceae",284,2.503237726
16,"lactate (mM)","Enterobacteriaceae",286,3.785150549
16,"lactate (mM)","Enterobacteriaceae",287,3.003885271
16,"lactate (mM)","Enterobacteriaceae",440,0.551668951
16,"lactate (mM)","Pseudomonadaceae",441,0
16,"lactate (mM)","Enterobacteriaceae",442,4.636570259
16,"lactate (mM)","Enterobacteriaceae",160,5.290282022
16,"lactate (mM)","Enterobacteriaceae",165,4.974587073
16,"lactate (mM)","Enterobacteriaceae",169,3.721373791
16,"lactate (mM)","Pseudomonadaceae",523,0
16,"lactate (mM)","Enterobacteriaceae",276,5.111707102
16,"lactate (mM)","Enterobacteriaceae",277,6.007770542
16,"lactate (mM)","Enterobacteriaceae",278,4.406973933
16,"lactate (mM)","Enterobacteriaceae",288,4.566415826
16,"lactate (mM)","Enterobacteriaceae",289,3.896759874
16,"lactate (mM)","Pseudomonadaceae",290,0
16,"lactate (mM)","Pseudomonadaceae",444,0
16,"lactate (mM)","Pseudomonadaceae",294,0
16,"lactate (mM)","Enterobacteriaceae",295,2.595714024
16,"lactate (mM)","Enterobacteriaceae",303,0.940707171
16,"lactate (mM)","Pseudomonadaceae",304,0
16,"lactate (mM)","Enterobacteriaceae",305,0.953462522
16,"lactate (mM)","Enterobacteriaceae",308,0.580368492
16,"lactate (mM)","Enterobacteriaceae",310,1.568908231
16,"lactate (mM)","Enterobacteriaceae",311,1.693272908
16,"lactate (mM)","Pseudomonadaceae",316,0
16,"lactate (mM)","Enterobacteriaceae",317,1.154359308
16,"lactate (mM)","Enterobacteriaceae",320,0.8673639
16,"lactate (mM)","Pseudomonadaceae",321,0
16,"lactate (mM)","Enterobacteriaceae",322,1.457298905
16,"lactate (mM)","Pseudomonadaceae",325,0
16,"lactate (mM)","Enterobacteriaceae",448,1.457298905
16,"lactate (mM)","Pseudomonadaceae",449,0
28,"lactate (mM)","Pseudomonadaceae",326,0.151931342
28,"lactate (mM)","Enterobacteriaceae",327,0.374979482
28,"lactate (mM)","Enterobacteriaceae",332,7.641823232
28,"lactate (mM)","Pseudomonadaceae",335,0.006465163
28,"lactate (mM)","Moraxellaceae",336,0.016162909
28,"lactate (mM)","Enterobacteriaceae",338,0.488119843
28,"lactate (mM)","Enterobacteriaceae",340,4.192658516
28,"lactate (mM)","Enterobacteriaceae",461,4.545009925
28,"lactate (mM)","Enterobacteriaceae",280,0.704702819
28,"lactate (mM)","Aeromonadaceae",343,4.780988392
28,"lactate (mM)","Enterobacteriaceae",344,6.704374527
28,"lactate (mM)","Enterobacteriaceae",345,4.564405416
28,"lactate (mM)","Enterobacteriaceae",346,4.939384898
28,"lactate (mM)","Enterobacteriaceae",348,7.50928738
28,"lactate (mM)","Pseudomonadaceae",350,0
28,"lactate (mM)","Moraxellaceae",453,0
28,"lactate (mM)","Moraxellaceae",454,0.009697745
28,"lactate (mM)","Enterobacteriaceae",458,5.844507785
28,"lactate (mM)","Enterobacteriaceae",460,6.933887831
28,"lactate (mM)","Pseudomonadaceae",352,0.058186471
28,"lactate (mM)","Enterobacteriaceae",356,4.334892112
28,"lactate (mM)","Pseudomonadaceae",462,0.05495389
28,"lactate (mM)","Enterobacteriaceae",358,4.454497637
28,"lactate (mM)","Enterobacteriaceae",360,1.276869787
28,"lactate (mM)","Enterobacteriaceae",259,4.819779373
28,"lactate (mM)","Enterobacteriaceae",364,4.373683093
28,"lactate (mM)","Pseudomonadaceae",428,0
28,"lactate (mM)","Pseudomonadaceae",432,0.106675197
28,"lactate (mM)","Pseudomonadaceae",267,0.025860654
28,"lactate (mM)","Enterobacteriaceae",269,0.219815558
28,"lactate (mM)","Enterobacteriaceae",270,5.880066184
28,"lactate (mM)","Enterobacteriaceae",435,6.924190085
28,"lactate (mM)","Pseudomonadaceae",272,0.164861669
28,"lactate (mM)","Enterobacteriaceae",273,0.14869876
28,"lactate (mM)","Pseudomonadaceae",274,0
28,"lactate (mM)","Enterobacteriaceae",438,4.991106205
28,"lactate (mM)","Enterobacteriaceae",439,5.081618494
28,"lactate (mM)","Enterobacteriaceae",283,6.678513873
28,"lactate (mM)","Enterobacteriaceae",284,3.788585798
28,"lactate (mM)","Enterobacteriaceae",286,6.429605079
28,"lactate (mM)","Enterobacteriaceae",287,4.289635968
28,"lactate (mM)","Enterobacteriaceae",440,0.210117813
28,"lactate (mM)","Pseudomonadaceae",441,0.029093236
28,"lactate (mM)","Enterobacteriaceae",442,6.516884786
28,"lactate (mM)","Enterobacteriaceae",160,7.354123457
28,"lactate (mM)","Enterobacteriaceae",165,7.842243299
28,"lactate (mM)","Enterobacteriaceae",169,5.776623568
28,"lactate (mM)","Pseudomonadaceae",523,0.01939549
28,"lactate (mM)","Enterobacteriaceae",276,6.180696285
28,"lactate (mM)","Enterobacteriaceae",277,7.871336535
28,"lactate (mM)","Enterobacteriaceae",278,5.967345891
28,"lactate (mM)","Enterobacteriaceae",288,8.517852883
28,"lactate (mM)","Enterobacteriaceae",289,5.498621538
28,"lactate (mM)","Pseudomonadaceae",290,0
28,"lactate (mM)","Pseudomonadaceae",444,0.003232582
28,"lactate (mM)","Pseudomonadaceae",294,0
28,"lactate (mM)","Enterobacteriaceae",295,3.979308121
28,"lactate (mM)","Enterobacteriaceae",303,0.491352424
28,"lactate (mM)","Pseudomonadaceae",304,0
28,"lactate (mM)","Enterobacteriaceae",305,0.617423112
28,"lactate (mM)","Enterobacteriaceae",308,0.753191545
28,"lactate (mM)","Enterobacteriaceae",310,1.83933901
28,"lactate (mM)","Enterobacteriaceae",311,2.130271366
28,"lactate (mM)","Pseudomonadaceae",316,0.07434938
28,"lactate (mM)","Enterobacteriaceae",317,1.441731456
28,"lactate (mM)","Enterobacteriaceae",320,0.940681286
28,"lactate (mM)","Pseudomonadaceae",321,0.029093236
28,"lactate (mM)","Enterobacteriaceae",322,2.013898424
28,"lactate (mM)","Pseudomonadaceae",325,0.045256144
28,"lactate (mM)","Enterobacteriaceae",448,2.091480385
28,"lactate (mM)","Pseudomonadaceae",449,0.01939549
48,"lactate (mM)","Pseudomonadaceae",326,0.062191977
48,"lactate (mM)","Enterobacteriaceae",327,0
48,"lactate (mM)","Enterobacteriaceae",332,3.760977984
48,"lactate (mM)","Pseudomonadaceae",335,0
48,"lactate (mM)","Moraxellaceae",336,0
48,"lactate (mM)","Enterobacteriaceae",338,0.006546524
48,"lactate (mM)","Enterobacteriaceae",340,2.936115972
48,"lactate (mM)","Enterobacteriaceae",461,2.968848591
48,"lactate (mM)","Enterobacteriaceae",280,0
48,"lactate (mM)","Aeromonadaceae",343,4.605479567
48,"lactate (mM)","Enterobacteriaceae",344,5.181573671
48,"lactate (mM)","Enterobacteriaceae",345,2.281463581
48,"lactate (mM)","Enterobacteriaceae",346,0.382971648
48,"lactate (mM)","Enterobacteriaceae",348,6.078447446
48,"lactate (mM)","Pseudomonadaceae",350,0
48,"lactate (mM)","Moraxellaceae",453,0
48,"lactate (mM)","Moraxellaceae",454,0
48,"lactate (mM)","Enterobacteriaceae",458,4.96226512
48,"lactate (mM)","Enterobacteriaceae",460,5.741301465
48,"lactate (mM)","Pseudomonadaceae",352,0
48,"lactate (mM)","Enterobacteriaceae",356,2.769179612
48,"lactate (mM)","Pseudomonadaceae",462,0.003273262
48,"lactate (mM)","Enterobacteriaceae",358,2.700441111
48,"lactate (mM)","Enterobacteriaceae",360,0.412431006
48,"lactate (mM)","Enterobacteriaceae",259,0.019639572
48,"lactate (mM)","Enterobacteriaceae",364,3.161971046
48,"lactate (mM)","Pseudomonadaceae",428,0
48,"lactate (mM)","Pseudomonadaceae",432,0.045825667
48,"lactate (mM)","Pseudomonadaceae",267,0.03273262
48,"lactate (mM)","Enterobacteriaceae",269,0.091651335
48,"lactate (mM)","Enterobacteriaceae",270,0.098197859
48,"lactate (mM)","Enterobacteriaceae",435,0.072011763
48,"lactate (mM)","Pseudomonadaceae",272,0.052372191
48,"lactate (mM)","Enterobacteriaceae",273,0
48,"lactate (mM)","Pseudomonadaceae",274,0
48,"lactate (mM)","Enterobacteriaceae",438,4.121036798
48,"lactate (mM)","Enterobacteriaceae",439,0.101471121
48,"lactate (mM)","Enterobacteriaceae",283,1.715189263
48,"lactate (mM)","Enterobacteriaceae",284,3.089959283
48,"lactate (mM)","Enterobacteriaceae",286,0.533541698
48,"lactate (mM)","Enterobacteriaceae",287,2.788819184
48,"lactate (mM)","Enterobacteriaceae",440,0
48,"lactate (mM)","Pseudomonadaceae",441,0
48,"lactate (mM)","Enterobacteriaceae",442,1.81011386
48,"lactate (mM)","Enterobacteriaceae",160,1.335490877
48,"lactate (mM)","Enterobacteriaceae",165,7.204449558
48,"lactate (mM)","Enterobacteriaceae",169,0.445163626
48,"lactate (mM)","Pseudomonadaceae",523,0.058918715
48,"lactate (mM)","Enterobacteriaceae",276,1.112909064
48,"lactate (mM)","Enterobacteriaceae",277,3.882088676
48,"lactate (mM)","Enterobacteriaceae",278,0.098197859
48,"lactate (mM)","Enterobacteriaceae",288,7.623427088
48,"lactate (mM)","Enterobacteriaceae",289,1.639904238
48,"lactate (mM)","Pseudomonadaceae",290,0
48,"lactate (mM)","Pseudomonadaceae",444,0.013093048
48,"lactate (mM)","Pseudomonadaceae",294,0
48,"lactate (mM)","Enterobacteriaceae",295,2.356748606
48,"lactate (mM)","Enterobacteriaceae",303,0
48,"lactate (mM)","Pseudomonadaceae",304,0
48,"lactate (mM)","Enterobacteriaceae",305,0
48,"lactate (mM)","Enterobacteriaceae",308,0.065465239
48,"lactate (mM)","Enterobacteriaceae",310,0.235674861
48,"lactate (mM)","Enterobacteriaceae",311,0.405884482
48,"lactate (mM)","Pseudomonadaceae",316,0
48,"lactate (mM)","Enterobacteriaceae",317,0.222581813
48,"lactate (mM)","Enterobacteriaceae",320,0.01636631
48,"lactate (mM)","Pseudomonadaceae",321,0
48,"lactate (mM)","Enterobacteriaceae",322,0.896873775
48,"lactate (mM)","Pseudomonadaceae",325,0
48,"lactate (mM)","Enterobacteriaceae",448,0.674291962
48,"lactate (mM)","Pseudomonadaceae",449,0.013093048
