"Treatment","Transfer","Rep_num","Family","Abundance"
"Global_migration",18,81,"Enterobacteriaceae",0.011000822
"Parent_migration",18,71,"Enterobacteriaceae",0.012106799
"Global_migration",18,69,"Enterobacteriaceae",0.019030852
"Parent_migration",18,11,"Enterobacteriaceae",0.045317675
"Parent_migration",18,6,"Enterobacteriaceae",0.371686021
"Global_migration",18,30,"Enterobacteriaceae",0.02719566
"Global_migration",18,61,"Enterobacteriaceae",0.138097482
"Global_migration",18,57,"Enterobacteriaceae",0.049468818
"Parent_migration",18,2,"Enterobacteriaceae",0.021983162
"Global_migration",18,83,"Enterobacteriaceae",0.158862979
"Parent_migration",18,82,"Enterobacteriaceae",0.17642535
"Parent_migration",18,42,"Enterobacteriaceae",0.196269864
"Global_migration",18,40,"Enterobacteriaceae",0.202426282
"Parent_migration",18,4,"Enterobacteriaceae",0.316831154
"Global_migration",18,2,"Enterobacteriaceae",0.111866428
"Parent_migration",18,19,"Enterobacteriaceae",0.076299925
"Parent_migration",18,48,"Enterobacteriaceae",0.540991407
"Parent_migration",18,37,"Enterobacteriaceae",0.60734097
"Global_migration",18,14,"Enterobacteriaceae",0.178945604
"Parent_migration",18,61,"Enterobacteriaceae",0.425087794
"Global_migration",18,10,"Enterobacteriaceae",0.104804653
"Global_migration",18,56,"Enterobacteriaceae",0.047869008
"Parent_migration",18,24,"Enterobacteriaceae",0.260043042
"Global_migration",18,3,"Enterobacteriaceae",0.03507125
"Parent_migration",18,84,"Enterobacteriaceae",0.624108408
"Parent_migration",18,30,"Enterobacteriaceae",0.317295813
"Parent_migration",18,20,"Enterobacteriaceae",0.39561659
"Parent_migration",18,55,"Enterobacteriaceae",0.630181581
"Parent_migration",18,89,"Enterobacteriaceae",0.577343711
"Global_migration",18,38,"Enterobacteriaceae",0.079806763
"Global_migration",18,92,"Enterobacteriaceae",0.576034397
"Global_migration",18,12,"Enterobacteriaceae",0.100432135
"Parent_migration",18,51,"Enterobacteriaceae",0.627571893
"Parent_migration",18,12,"Enterobacteriaceae",0.483673305
"Global_migration",18,88,"Enterobacteriaceae",0.036545215
"Global_migration",18,55,"Enterobacteriaceae",0.143051881
"Parent_migration",18,68,"Enterobacteriaceae",0.509106333
"Global_migration",18,1,"Enterobacteriaceae",0.160563916
"Global_migration",18,37,"Enterobacteriaceae",0.011825406
"Parent_migration",18,8,"Enterobacteriaceae",0.388590732
"Parent_migration",18,67,"Enterobacteriaceae",0.762833066
"Parent_migration",18,5,"Enterobacteriaceae",0.028741737
"Global_migration",18,19,"Enterobacteriaceae",0.022997402
"Parent_migration",18,9,"Enterobacteriaceae",0.071744101
"Global_migration",18,16,"Enterobacteriaceae",0.144154686
"Global_migration",18,11,"Enterobacteriaceae",0.121611618
"Global_migration",18,87,"Enterobacteriaceae",0.141078672
"Global_migration",18,4,"Enterobacteriaceae",0.427657462
"Parent_migration",18,64,"Enterobacteriaceae",0.200036467
"Parent_migration",18,87,"Enterobacteriaceae",0.105825864
"Parent_migration",18,53,"Enterobacteriaceae",0.52297464
"Global_migration",18,60,"Enterobacteriaceae",0.157463007
"Parent_migration",18,13,"Enterobacteriaceae",0.378271529
"Parent_migration",18,72,"Enterobacteriaceae",0.438501229
"Parent_migration",18,54,"Enterobacteriaceae",0.516036275
"Global_migration",18,43,"Enterobacteriaceae",0.222650429
"Global_migration",18,62,"Enterobacteriaceae",0.06824856
"Parent_migration",18,44,"Enterobacteriaceae",0.565069133
"Global_migration",18,27,"Enterobacteriaceae",0.013387877
"Parent_migration",18,49,"Enterobacteriaceae",0.603699097
"Global_migration",18,20,"Enterobacteriaceae",0.129057307
"Parent_migration",18,16,"Enterobacteriaceae",0.23822585
"Parent_migration",18,27,"Enterobacteriaceae",0.460782496
"Parent_migration",18,92,"Enterobacteriaceae",0.137627085
"Parent_migration",18,57,"Enterobacteriaceae",0.330473588
"Parent_migration",18,22,"Enterobacteriaceae",0.048676056
"Parent_migration",18,75,"Enterobacteriaceae",0.910854195
"Parent_migration",18,76,"Enterobacteriaceae",0.345516336
"Global_migration",18,35,"Enterobacteriaceae",0.368881597
"Global_migration",18,29,"Enterobacteriaceae",0.049228119
"Parent_migration",18,36,"Enterobacteriaceae",0.240426051
"Global_migration",18,49,"Enterobacteriaceae",0.233625058
"Parent_migration",18,65,"Enterobacteriaceae",0.104113163
"Global_migration",18,72,"Enterobacteriaceae",0.012328693
"Global_migration",18,18,"Enterobacteriaceae",0.062075298
"Global_migration",18,9,"Enterobacteriaceae",0.167839394
"Parent_migration",18,26,"Enterobacteriaceae",0.396175025
"Parent_migration",18,15,"Enterobacteriaceae",0.334606771
"Global_migration",18,44,"Enterobacteriaceae",0.190082235
"Parent_migration",18,85,"Enterobacteriaceae",0.1640526
"Parent_migration",18,21,"Enterobacteriaceae",0.372096985
"Global_migration",18,46,"Enterobacteriaceae",0.370893092
"Parent_migration",18,40,"Enterobacteriaceae",0.648664424
"Global_migration",18,86,"Enterobacteriaceae",0.047317744
"Parent_migration",18,69,"Enterobacteriaceae",0.022470408
"Global_migration",18,54,"Enterobacteriaceae",0.024168122
"Global_migration",18,70,"Enterobacteriaceae",0.247530342
"Parent_migration",18,59,"Enterobacteriaceae",0.13050106
"Global_migration",18,26,"Enterobacteriaceae",0.095488257
"Global_migration",18,17,"Enterobacteriaceae",0.054313291
"Parent_migration",18,71,"Enterobacteriaceae",0.760170072
"Global_migration",18,71,"Enterobacteriaceae",0.056034105
"Parent_migration",18,31,"Enterobacteriaceae",0.218687873
"Global_migration",18,24,"Enterobacteriaceae",0.011960186
"Global_migration",18,69,"Enterobacteriaceae",0.08892941
"Parent_migration",18,80,"Enterobacteriaceae",0.728457973
"Parent_migration",18,63,"Enterobacteriaceae",0.747800042
"Parent_migration",18,1,"Enterobacteriaceae",0.486091536
"Global_migration",18,76,"Enterobacteriaceae",0.024156322
"Global_migration",18,75,"Enterobacteriaceae",0.402512356
"Global_migration",18,82,"Enterobacteriaceae",0.076451339
"Parent_migration",18,46,"Enterobacteriaceae",0.580980609
"Parent_migration",18,47,"Enterobacteriaceae",0.386174539
"Parent_migration",18,77,"Enterobacteriaceae",0.780320845
"Global_migration",18,28,"Enterobacteriaceae",0.222982278
"Parent_migration",18,62,"Enterobacteriaceae",0.220873066
"Global_migration",18,36,"Enterobacteriaceae",0.08321749
"Parent_migration",18,66,"Enterobacteriaceae",0.625702476
"Parent_migration",18,32,"Enterobacteriaceae",0.530688079
"Parent_migration",18,43,"Enterobacteriaceae",0.354619704
"Global_migration",18,78,"Enterobacteriaceae",0.105470532
"Parent_migration",18,83,"Enterobacteriaceae",0.36116299
"Global_migration",18,84,"Enterobacteriaceae",0.064943354
"Parent_migration",18,33,"Enterobacteriaceae",0.267525324
"Global_migration",18,8,"Enterobacteriaceae",0.141359263
"Parent_migration",18,90,"Enterobacteriaceae",0.249927907
"Parent_migration",18,39,"Enterobacteriaceae",0.388492086
"Global_migration",18,80,"Enterobacteriaceae",0.224196922
"Parent_migration",18,91,"Enterobacteriaceae",0.454981928
"Parent_migration",18,35,"Enterobacteriaceae",0.263130561
"Global_migration",18,48,"Enterobacteriaceae",0.291159563
"Parent_migration",18,29,"Enterobacteriaceae",0.101013171
"Parent_migration",18,52,"Enterobacteriaceae",0.08025139
"Parent_migration",18,41,"Enterobacteriaceae",0.698652416
"Global_migration",18,85,"Enterobacteriaceae",0.63786916
"Parent_migration",18,78,"Enterobacteriaceae",0.272520695
"Parent_migration",18,60,"Enterobacteriaceae",0.054670317
"Parent_migration",18,14,"Enterobacteriaceae",0.245178453
"Global_migration",18,67,"Enterobacteriaceae",0.134354333
"Global_migration",18,51,"Enterobacteriaceae",0.021820329
"Global_migration",18,15,"Enterobacteriaceae",0.02456348
"Global_migration",18,73,"Enterobacteriaceae",0.237479405
"Parent_migration",18,34,"Enterobacteriaceae",0.200057571
"Global_migration",18,91,"Enterobacteriaceae",0.489572166
"Global_migration",18,53,"Enterobacteriaceae",0.024673227
"Parent_migration",18,70,"Enterobacteriaceae",0.709917056
"Global_migration",18,23,"Enterobacteriaceae",0.351977014
"Global_migration",18,34,"Enterobacteriaceae",0.083382646
"Global_migration",18,65,"Enterobacteriaceae",0.220636353
"Global_migration",18,66,"Enterobacteriaceae",0.017302672
"Parent_migration",18,25,"Enterobacteriaceae",0.75844907
"Parent_migration",18,18,"Enterobacteriaceae",0.622473501
"Global_migration",18,58,"Enterobacteriaceae",0.274534474
"Parent_migration",18,50,"Enterobacteriaceae",0.385557915
"Parent_migration",18,45,"Enterobacteriaceae",0.44873412
"Global_migration",18,41,"Enterobacteriaceae",0.135180007
"Global_migration",18,64,"Enterobacteriaceae",0.156706914
"Global_migration",18,31,"Enterobacteriaceae",0.060568906
"Parent_migration",18,7,"Enterobacteriaceae",0.248561618
"Global_migration",18,39,"Enterobacteriaceae",0.164275307
"Global_migration",18,6,"Enterobacteriaceae",0.090095714
"Global_migration",18,68,"Enterobacteriaceae",0.013242348
"Parent_migration",18,3,"Enterobacteriaceae",0.080646877
"Global_migration",18,74,"Enterobacteriaceae",0.178049371
"Parent_migration",18,73,"Enterobacteriaceae",0.783311394
"Parent_migration",18,17,"Enterobacteriaceae",0.697552448
"Parent_migration",18,81,"Enterobacteriaceae",0.753091162
"Global_migration",18,21,"Enterobacteriaceae",0.221082191
"Global_migration",18,22,"Enterobacteriaceae",0.126483741
"Parent_migration",18,79,"Enterobacteriaceae",0.053778597
"Parent_migration",18,56,"Enterobacteriaceae",0.077669903
"Parent_migration",18,11,"Enterobacteriaceae",0.498268594
"Parent_migration",18,58,"Enterobacteriaceae",0.693462287
"Global_migration",18,5,"Enterobacteriaceae",0.059080095
"Global_migration",18,81,"Enterobacteriaceae",0.105519378
"Parent_migration",18,28,"Enterobacteriaceae",0.553824462
"Parent_migration",18,10,"Enterobacteriaceae",0.602024344
"Parent_migration",18,38,"Enterobacteriaceae",0.034177299
"Global_migration",18,63,"Enterobacteriaceae",0.507022264
"Parent_migration",18,74,"Enterobacteriaceae",0.515325774
"Parent_migration",18,23,"Enterobacteriaceae",0.107073581
"Global_migration",18,7,"Enterobacteriaceae",0.030210885
"Parent_migration",18,49,"Enterobacteriaceae",0.215293927
"Parent_migration",18,46,"Enterobacteriaceae",0.195870592
"Global_migration",18,4,"Enterobacteriaceae",0.140401515
"Parent_migration",18,8,"Enterobacteriaceae",0.026970333
"Global_migration",18,84,"Enterobacteriaceae",0.662916866
"Global_migration",18,14,"Enterobacteriaceae",0.495683514
"Global_migration",18,24,"Enterobacteriaceae",0.725477605
"Parent_migration",18,19,"Enterobacteriaceae",0.787364984
"Global_migration",18,11,"Enterobacteriaceae",0.581092037
"Global_migration",18,50,"Enterobacteriaceae",0.79390299
"Parent_migration",18,32,"Enterobacteriaceae",0.34643147
"Parent_migration",18,72,"Enterobacteriaceae",0.177026771
"Parent_migration",18,9,"Enterobacteriaceae",0.817508575
"Global_migration",18,6,"Enterobacteriaceae",0.569178233
"Global_migration",18,23,"Enterobacteriaceae",0.330729422
"Global_migration",18,42,"Enterobacteriaceae",0.696584456
"Global_migration",18,62,"Enterobacteriaceae",0.714453875
"Global_migration",18,53,"Enterobacteriaceae",0.680716698
"Global_migration",18,38,"Enterobacteriaceae",0.623285024
"Global_migration",18,10,"Enterobacteriaceae",0.606438076
"Parent_migration",18,25,"Enterobacteriaceae",0.093250832
"Parent_migration",18,6,"Enterobacteriaceae",0.407646801
"Parent_migration",18,46,"Enterobacteriaceae",0.041997388
"Parent_migration",18,41,"Enterobacteriaceae",0.062871747
"Global_migration",18,89,"Enterobacteriaceae",0.736909895
"Parent_migration",18,79,"Enterobacteriaceae",0.763417543
"Global_migration",18,45,"Enterobacteriaceae",0.67523736
"Parent_migration",18,31,"Enterobacteriaceae",0.607999064
"Global_migration",18,56,"Enterobacteriaceae",0.663528456
"Parent_migration",18,36,"Enterobacteriaceae",0.613057972
"Parent_migration",18,48,"Enterobacteriaceae",0.191591211
"Parent_migration",18,87,"Enterobacteriaceae",0.801792574
"Parent_migration",18,58,"Enterobacteriaceae",0.097217861
"Global_migration",18,12,"Enterobacteriaceae",0.602531877
"Global_migration",18,72,"Enterobacteriaceae",0.726205892
"Parent_migration",18,85,"Enterobacteriaceae",0.512661778
"Parent_migration",18,91,"Enterobacteriaceae",0.381345417
"Global_migration",18,69,"Enterobacteriaceae",0.510228035
"Global_migration",18,73,"Enterobacteriaceae",0.515744516
"Global_migration",18,29,"Enterobacteriaceae",0.636917776
"Parent_migration",18,90,"Enterobacteriaceae",0.541597578
"Global_migration",18,37,"Enterobacteriaceae",0.715474711
"Global_migration",18,66,"Enterobacteriaceae",0.757605138
"Parent_migration",18,8,"Enterobacteriaceae",0.429318659
"Global_migration",18,30,"Enterobacteriaceae",0.68640217
"Global_migration",18,21,"Enterobacteriaceae",0.495432216
"Global_migration",18,19,"Enterobacteriaceae",0.699320029
"Parent_migration",18,7,"Enterobacteriaceae",0.616462509
"Parent_migration",18,27,"Enterobacteriaceae",0.409975895
"Global_migration",18,2,"Enterobacteriaceae",0.638541046
"Global_migration",18,36,"Enterobacteriaceae",0.644509036
"Global_migration",18,81,"Enterobacteriaceae",0.541253082
"Parent_migration",18,29,"Enterobacteriaceae",0.585430598
"Parent_migration",18,54,"Enterobacteriaceae",0.194591904
"Parent_migration",18,67,"Enterobacteriaceae",0.016734912
"Parent_migration",18,4,"Enterobacteriaceae",0.492484421
"Global_migration",18,93,"Enterobacteriaceae",0.717585503
"Global_migration",18,83,"Enterobacteriaceae",0.505506676
"Parent_migration",18,37,"Enterobacteriaceae",0.213709387
"Parent_migration",18,13,"Enterobacteriaceae",0.467729084
"Parent_migration",18,14,"Enterobacteriaceae",0.583019286
"Global_migration",18,13,"Enterobacteriaceae",0.737381408
"Global_migration",18,90,"Enterobacteriaceae",0.72312315
"Parent_migration",18,68,"Enterobacteriaceae",0.16818218
"Global_migration",18,51,"Enterobacteriaceae",0.708035372
"Parent_migration",18,63,"Enterobacteriaceae",0.047285835
"Global_migration",18,32,"Enterobacteriaceae",0.7298147
"Parent_migration",18,16,"Enterobacteriaceae",0.515604094
"Global_migration",18,18,"Enterobacteriaceae",0.542561983
"Parent_migration",18,24,"Enterobacteriaceae",0.62428264
"Parent_migration",18,47,"Enterobacteriaceae",0.462183297
"Global_migration",18,25,"Enterobacteriaceae",0.796370175
"Global_migration",18,7,"Enterobacteriaceae",0.620584084
"Global_migration",18,75,"Enterobacteriaceae",0.298805601
"Global_migration",18,34,"Enterobacteriaceae",0.544515574
"Parent_migration",18,59,"Enterobacteriaceae",0.693995228
"Global_migration",18,70,"Enterobacteriaceae",0.466765453
"Global_migration",18,76,"Enterobacteriaceae",0.698323635
"Global_migration",18,77,"Enterobacteriaceae",0.67279748
"Parent_migration",18,55,"Enterobacteriaceae",0.157635824
"Parent_migration",18,33,"Enterobacteriaceae",0.502086268
"Global_migration",18,85,"Enterobacteriaceae",0.109060679
"Parent_migration",18,70,"Enterobacteriaceae",0.078978096
"Parent_migration",18,28,"Enterobacteriaceae",0.055481142
"Global_migration",18,40,"Enterobacteriaceae",0.504088078
"Parent_migration",18,77,"Enterobacteriaceae",0.032762057
"Parent_migration",18,66,"Enterobacteriaceae",0.154614277
"Global_migration",18,5,"Enterobacteriaceae",0.586637589
"Global_migration",18,79,"Enterobacteriaceae",0.695952677
"Global_migration",18,26,"Enterobacteriaceae",0.600211902
"Parent_migration",18,5,"Enterobacteriaceae",0.821293673
"Parent_migration",18,73,"Enterobacteriaceae",0.071449466
"Global_migration",18,80,"Enterobacteriaceae",0.493084804
"Parent_migration",18,86,"Enterobacteriaceae",0.840967217
"Global_migration",18,87,"Enterobacteriaceae",0.544850943
"Parent_migration",18,35,"Enterobacteriaceae",0.52352595
"Parent_migration",18,23,"Enterobacteriaceae",0.772468641
"Parent_migration",18,52,"Enterobacteriaceae",0.776528886
"Global_migration",18,82,"Enterobacteriaceae",0.645520369
"Global_migration",18,49,"Enterobacteriaceae",0.418424689
"Parent_migration",18,82,"Enterobacteriaceae",0.696018457
"Parent_migration",18,83,"Enterobacteriaceae",0.458230276
"Global_migration",18,61,"Enterobacteriaceae",0.557509839
"Global_migration",18,27,"Enterobacteriaceae",0.726157071
"Parent_migration",18,38,"Enterobacteriaceae",0.86448073
"Global_migration",18,39,"Enterobacteriaceae",0.624601783
"Parent_migration",18,62,"Enterobacteriaceae",0.615003179
"Global_migration",18,16,"Enterobacteriaceae",0.549537501
"Parent_migration",18,69,"Enterobacteriaceae",0.786627657
"Global_migration",18,88,"Enterobacteriaceae",0.741692274
"Parent_migration",18,76,"Enterobacteriaceae",0.427187766
"Parent_migration",18,81,"Enterobacteriaceae",0.051799477
"Parent_migration",18,53,"Enterobacteriaceae",0.164742975
"Global_migration",18,35,"Enterobacteriaceae",0.302816516
"Parent_migration",18,30,"Enterobacteriaceae",0.507687028
"Global_migration",18,71,"Enterobacteriaceae",0.69109703
"Global_migration",18,78,"Enterobacteriaceae",0.646179227
"Global_migration",18,43,"Enterobacteriaceae",0.423873388
"Global_migration",18,9,"Enterobacteriaceae",0.547655366
"Parent_migration",18,20,"Enterobacteriaceae",0.436759606
"Parent_migration",18,44,"Enterobacteriaceae",0.198383782
"Parent_migration",18,10,"Enterobacteriaceae",0.186065283
"Global_migration",18,52,"Enterobacteriaceae",0.708401261
"Global_migration",18,86,"Enterobacteriaceae",0.675531102
"Parent_migration",18,40,"Enterobacteriaceae",0.056719083
"Parent_migration",18,2,"Enterobacteriaceae",0.876186022
"Global_migration",18,47,"Enterobacteriaceae",0.694753158
"Parent_migration",18,64,"Enterobacteriaceae",0.576041208
"Global_migration",18,48,"Enterobacteriaceae",0.346470558
"Global_migration",18,65,"Enterobacteriaceae",0.491564221
"Parent_migration",18,60,"Enterobacteriaceae",0.816867903
"Global_migration",18,55,"Enterobacteriaceae",0.562853382
"Global_migration",18,28,"Enterobacteriaceae",0.463370584
"Parent_migration",18,42,"Enterobacteriaceae",0.464595548
"Parent_migration",18,61,"Enterobacteriaceae",0.460369556
"Parent_migration",18,43,"Enterobacteriaceae",0.475191424
"Parent_migration",18,78,"Enterobacteriaceae",0.473827301
"Global_migration",18,63,"Enterobacteriaceae",0.149045692
"Global_migration",18,68,"Enterobacteriaceae",0.681406662
"Parent_migration",18,74,"Enterobacteriaceae",0.328975208
"Global_migration",18,44,"Enterobacteriaceae",0.475973447
"Global_migration",18,91,"Enterobacteriaceae",0.25743105
"Global_migration",18,64,"Enterobacteriaceae",0.55999434
"Global_migration",18,54,"Enterobacteriaceae",0.628858847
"Parent_migration",18,88,"Enterobacteriaceae",0.89150038
"Global_migration",18,41,"Enterobacteriaceae",0.529739019
"Parent_migration",18,89,"Enterobacteriaceae",0.072864007
"Global_migration",18,3,"Enterobacteriaceae",0.704096861
"Parent_migration",18,26,"Enterobacteriaceae",0.488424418
"Parent_migration",18,49,"Enterobacteriaceae",0.093342707
"Global_migration",18,22,"Enterobacteriaceae",0.449106535
"Parent_migration",18,56,"Enterobacteriaceae",0.742190798
"Global_migration",18,58,"Enterobacteriaceae",0.356693508
"Global_migration",18,57,"Enterobacteriaceae",0.659476117
"Global_migration",18,33,"Enterobacteriaceae",0.652159729
"Parent_migration",18,80,"Enterobacteriaceae",0.123871737
"Parent_migration",18,34,"Enterobacteriaceae",0.615889465
"Global_migration",18,20,"Enterobacteriaceae",0.516798675
"Global_migration",18,31,"Enterobacteriaceae",0.578653752
"Parent_migration",18,18,"Enterobacteriaceae",0.107939957
"Parent_migration",18,12,"Enterobacteriaceae",0.360477304
"Global_migration",18,59,"Enterobacteriaceae",0.649455282
"Global_migration",18,8,"Enterobacteriaceae",0.576328417
"Global_migration",18,60,"Enterobacteriaceae",0.548037744
"Parent_migration",18,84,"Enterobacteriaceae",0.255790138
"Parent_migration",18,15,"Enterobacteriaceae",0.541035437
"Global_migration",18,67,"Enterobacteriaceae",0.598568569
"Parent_migration",18,65,"Enterobacteriaceae",0.474778548
"Parent_migration",18,57,"Enterobacteriaceae",0.453679417
"Parent_migration",18,22,"Enterobacteriaceae",0.804093897
"Parent_migration",18,92,"Enterobacteriaceae",0.76045475
"Parent_migration",18,21,"Enterobacteriaceae",0.405371643
"Parent_migration",18,51,"Enterobacteriaceae",0.150232493
"Global_migration",18,46,"Enterobacteriaceae",0.285069425
"Global_migration",18,1,"Enterobacteriaceae",0.539848971
"Parent_migration",18,11,"Enterobacteriaceae",0.234567901
"Global_migration",18,92,"Enterobacteriaceae",0.137415112
"Parent_migration",18,1,"Enterobacteriaceae",0.3756027
"Parent_migration",18,45,"Enterobacteriaceae",0.298258846
"Global_migration",18,74,"Enterobacteriaceae",0.550300159
"Global_migration",18,17,"Enterobacteriaceae",0.68862778
"Parent_migration",18,50,"Enterobacteriaceae",0.50040843
"Global_migration",18,15,"Enterobacteriaceae",0.711345476
"Parent_migration",18,3,"Enterobacteriaceae",0.843866369
"Global_migration",18,4,"Enterobacteriaceae",0.146192595
"Parent_migration",18,39,"Enterobacteriaceae",0.479344037
"Global_migration",18,69,"Enterobacteriaceae",0.108421362
"Global_migration",18,56,"Enterobacteriaceae",0.016390944
"Global_migration",18,22,"Enterobacteriaceae",0.010986584
"Global_migration",18,81,"Enterobacteriaceae",0.05500411
"Global_migration",18,87,"Enterobacteriaceae",0.039931462
"Parent_migration",18,21,"Enterobacteriaceae",0.020157856
"Parent_migration",18,68,"Enterobacteriaceae",0.048779195
"Parent_migration",18,58,"Enterobacteriaceae",0.04408717
"Parent_migration",18,14,"Enterobacteriaceae",0.034415872
"Parent_migration",18,66,"Enterobacteriaceae",0.036551948
"Parent_migration",18,13,"Enterobacteriaceae",0.026723874
"Global_migration",18,22,"Enterobacteriaceae",0.018421392
"Global_migration",18,34,"Enterobacteriaceae",0.010705256
"Parent_migration",18,31,"Pseudomonadaceae",0.108817682
"Parent_migration",18,8,"Pseudomonadaceae",0.116680742
"Parent_migration",18,4,"Pseudomonadaceae",0.122669769
"Parent_migration",18,19,"Pseudomonadaceae",0.08641045
"Parent_migration",18,66,"Pseudomonadaceae",0.134225071
"Parent_migration",18,16,"Pseudomonadaceae",0.131522612
"Parent_migration",18,55,"Pseudomonadaceae",0.1403458
"Parent_migration",18,67,"Pseudomonadaceae",0.126758056
"Parent_migration",18,20,"Pseudomonadaceae",0.113580247
"Parent_migration",18,37,"Pseudomonadaceae",0.126792018
"Parent_migration",18,61,"Pseudomonadaceae",0.07545374
"Parent_migration",18,71,"Pseudomonadaceae",0.216463085
"Parent_migration",18,49,"Pseudomonadaceae",0.055594614
"Parent_migration",18,82,"Pseudomonadaceae",0.103890656
"Parent_migration",18,83,"Pseudomonadaceae",0.120589571
"Parent_migration",18,23,"Pseudomonadaceae",0.087158929
"Parent_migration",18,92,"Pseudomonadaceae",0.073921971
"Parent_migration",18,27,"Pseudomonadaceae",0.062859262
"Parent_migration",18,87,"Pseudomonadaceae",0.074839949
"Parent_migration",18,32,"Pseudomonadaceae",0.082646393
"Parent_migration",18,33,"Pseudomonadaceae",0.150305226
"Parent_migration",18,56,"Pseudomonadaceae",0.160194175
"Parent_migration",18,68,"Pseudomonadaceae",0.207523661
"Parent_migration",18,79,"Pseudomonadaceae",0.142361488
"Parent_migration",18,17,"Pseudomonadaceae",0.271012007
"Parent_migration",18,69,"Pseudomonadaceae",0.141936346
"Parent_migration",18,70,"Pseudomonadaceae",0.102351425
"Parent_migration",18,52,"Pseudomonadaceae",0.110345661
"Parent_migration",18,12,"Pseudomonadaceae",0.130291059
"Parent_migration",18,47,"Pseudomonadaceae",0.127682202
"Parent_migration",18,13,"Pseudomonadaceae",0.073000306
"Parent_migration",18,24,"Pseudomonadaceae",0.109218077
"Parent_migration",18,25,"Pseudomonadaceae",0.102767596
"Parent_migration",18,60,"Pseudomonadaceae",0.088379191
"Parent_migration",18,14,"Pseudomonadaceae",0.08551319
"Parent_migration",18,78,"Pseudomonadaceae",0.220215874
"Parent_migration",18,1,"Pseudomonadaceae",0.066983161
"Parent_migration",18,64,"Pseudomonadaceae",0.165590385
"Parent_migration",18,11,"Pseudomonadaceae",0.188723276
"Parent_migration",18,29,"Pseudomonadaceae",0.199554205
"Parent_migration",18,81,"Pseudomonadaceae",0.188314806
"Parent_migration",18,43,"Pseudomonadaceae",0.153343543
"Parent_migration",18,26,"Pseudomonadaceae",0.072413997
"Parent_migration",18,6,"Pseudomonadaceae",0.12751972
"Parent_migration",18,90,"Pseudomonadaceae",0.125117151
"Parent_migration",18,38,"Pseudomonadaceae",0.071726053
"Parent_migration",18,91,"Pseudomonadaceae",0.10077143
"Parent_migration",18,86,"Pseudomonadaceae",0.108612615
"Parent_migration",18,10,"Pseudomonadaceae",0.121218481
"Parent_migration",18,3,"Pseudomonadaceae",0.060591552
"Parent_migration",18,59,"Pseudomonadaceae",0.114726935
"Parent_migration",18,41,"Pseudomonadaceae",0.231366171
"Parent_migration",18,15,"Pseudomonadaceae",0.069292583
"Parent_migration",18,73,"Pseudomonadaceae",0.122056458
"Parent_migration",18,54,"Pseudomonadaceae",0.23606503
"Parent_migration",18,5,"Pseudomonadaceae",0.138869216
"Parent_migration",18,2,"Pseudomonadaceae",0.101028999
"Parent_migration",18,39,"Pseudomonadaceae",0.079595452
"Parent_migration",18,50,"Pseudomonadaceae",0.076675924
"Parent_migration",18,88,"Pseudomonadaceae",0.074240394
"Parent_migration",18,75,"Pseudomonadaceae",0.080355437
"Parent_migration",18,36,"Pseudomonadaceae",0.106065534
"Parent_migration",18,76,"Pseudomonadaceae",0.154043408
"Parent_migration",18,34,"Pseudomonadaceae",0.1736327
"Parent_migration",18,62,"Pseudomonadaceae",0.118775164
"Parent_migration",18,22,"Pseudomonadaceae",0.142234742
"Parent_migration",18,58,"Pseudomonadaceae",0.110971551
"Parent_migration",18,18,"Pseudomonadaceae",0.146964909
"Parent_migration",18,77,"Pseudomonadaceae",0.116929055
"Parent_migration",18,48,"Pseudomonadaceae",0.227334333
"Parent_migration",18,53,"Pseudomonadaceae",0.173762851
"Parent_migration",18,51,"Pseudomonadaceae",0.138657726
"Parent_migration",18,44,"Pseudomonadaceae",0.180773543
"Parent_migration",18,57,"Pseudomonadaceae",0.155245902
"Parent_migration",18,21,"Pseudomonadaceae",0.103458066
"Parent_migration",18,9,"Pseudomonadaceae",0.106823615
"Parent_migration",18,42,"Pseudomonadaceae",0.299604701
"Parent_migration",18,30,"Pseudomonadaceae",0.124776939
"Parent_migration",18,80,"Pseudomonadaceae",0.104193207
"Parent_migration",18,40,"Pseudomonadaceae",0.222412964
"Parent_migration",18,89,"Pseudomonadaceae",0.234283498
"Parent_migration",18,7,"Pseudomonadaceae",0.083843727
"Parent_migration",18,35,"Pseudomonadaceae",0.145137278
"Parent_migration",18,46,"Pseudomonadaceae",0.11092133
"Parent_migration",18,74,"Pseudomonadaceae",0.120707427
"Parent_migration",18,45,"Pseudomonadaceae",0.209952798
"Parent_migration",18,63,"Pseudomonadaceae",0.110395462
"Parent_migration",18,37,"Pseudomonadaceae",0.010265831
"Parent_migration",18,49,"Pseudomonadaceae",0.010058948
"Parent_migration",18,67,"Pseudomonadaceae",0.015815085
"Parent_migration",18,55,"Pseudomonadaceae",0.027490415
"Parent_migration",18,25,"Pseudomonadaceae",0.024514914
"Parent_migration",18,72,"Alcaligenaceae",0.022151984
"Parent_migration",18,65,"Alcaligenaceae",0.032575706
"Global_migration",18,69,"Alcaligenaceae",0.205943997
"Global_migration",18,20,"Alcaligenaceae",0.334472227
"Global_migration",18,52,"Alcaligenaceae",0.233778937
"Global_migration",18,16,"Alcaligenaceae",0.232753817
"Global_migration",18,35,"Alcaligenaceae",0.272463768
"Global_migration",18,21,"Alcaligenaceae",0.23676286
"Global_migration",18,13,"Alcaligenaceae",0.225640219
"Global_migration",18,18,"Alcaligenaceae",0.333057851
"Global_migration",18,82,"Alcaligenaceae",0.23561545
"Global_migration",18,32,"Alcaligenaceae",0.227742581
"Global_migration",18,7,"Alcaligenaceae",0.28639628
"Global_migration",18,40,"Alcaligenaceae",0.256264943
"Global_migration",18,29,"Alcaligenaceae",0.279533559
"Global_migration",18,89,"Alcaligenaceae",0.198591589
"Global_migration",18,62,"Alcaligenaceae",0.169592962
"Global_migration",18,93,"Alcaligenaceae",0.23481368
"Parent_migration",18,85,"Alcaligenaceae",0.233957247
"Global_migration",18,24,"Alcaligenaceae",0.220982501
"Global_migration",18,19,"Alcaligenaceae",0.24849356
"Global_migration",18,4,"Alcaligenaceae",0.257123947
"Parent_migration",18,65,"Alcaligenaceae",0.320291149
"Global_migration",18,70,"Alcaligenaceae",0.246577759
"Global_migration",18,49,"Alcaligenaceae",0.294196223
"Global_migration",18,71,"Alcaligenaceae",0.203025082
"Global_migration",18,5,"Alcaligenaceae",0.316058684
"Global_migration",18,67,"Alcaligenaceae",0.210733554
"Global_migration",18,37,"Alcaligenaceae",0.245621964
"Global_migration",18,15,"Alcaligenaceae",0.218165676
"Global_migration",18,38,"Alcaligenaceae",0.227214171
"Global_migration",18,57,"Alcaligenaceae",0.244586814
"Global_migration",18,85,"Alcaligenaceae",0.194136239
"Global_migration",18,11,"Alcaligenaceae",0.266382319
"Global_migration",18,64,"Alcaligenaceae",0.239576455
"Global_migration",18,75,"Alcaligenaceae",0.254983526
"Parent_migration",18,28,"Alcaligenaceae",0.346774762
"Global_migration",18,59,"Alcaligenaceae",0.321013005
"Global_migration",18,76,"Alcaligenaceae",0.257968231
"Global_migration",18,87,"Alcaligenaceae",0.228384402
"Global_migration",18,41,"Alcaligenaceae",0.287428638
"Global_migration",18,23,"Alcaligenaceae",0.276365625
"Parent_migration",18,72,"Alcaligenaceae",0.349650161
"Global_migration",18,10,"Alcaligenaceae",0.260887272
"Global_migration",18,73,"Alcaligenaceae",0.198074392
"Global_migration",18,44,"Alcaligenaceae",0.307837115
"Global_migration",18,45,"Alcaligenaceae",0.266569754
"Global_migration",18,51,"Alcaligenaceae",0.257390499
"Global_migration",18,31,"Alcaligenaceae",0.305419323
"Global_migration",18,80,"Alcaligenaceae",0.234403462
"Global_migration",18,17,"Alcaligenaceae",0.217313111
"Global_migration",18,48,"Alcaligenaceae",0.28453053
"Global_migration",18,60,"Alcaligenaceae",0.268657517
"Global_migration",18,1,"Alcaligenaceae",0.262182865
"Global_migration",18,88,"Alcaligenaceae",0.179993415
"Global_migration",18,3,"Alcaligenaceae",0.231296938
"Global_migration",18,68,"Alcaligenaceae",0.2596784
"Global_migration",18,54,"Alcaligenaceae",0.272665412
"Global_migration",18,39,"Alcaligenaceae",0.148408367
"Global_migration",18,53,"Alcaligenaceae",0.234983111
"Global_migration",18,33,"Alcaligenaceae",0.27254339
"Global_migration",18,34,"Alcaligenaceae",0.281026413
"Global_migration",18,12,"Alcaligenaceae",0.268624733
"Global_migration",18,66,"Alcaligenaceae",0.162378289
"Global_migration",18,77,"Alcaligenaceae",0.29380483
"Global_migration",18,55,"Alcaligenaceae",0.248707342
"Global_migration",18,47,"Alcaligenaceae",0.285163078
"Global_migration",18,72,"Alcaligenaceae",0.221781591
"Global_migration",18,61,"Alcaligenaceae",0.257269126
"Global_migration",18,79,"Alcaligenaceae",0.25996264
"Global_migration",18,78,"Alcaligenaceae",0.210037207
"Global_migration",18,25,"Alcaligenaceae",0.160026971
"Global_migration",18,91,"Alcaligenaceae",0.211529091
"Global_migration",18,81,"Alcaligenaceae",0.24543213
"Global_migration",18,83,"Alcaligenaceae",0.30345167
"Global_migration",18,26,"Alcaligenaceae",0.278032845
"Global_migration",18,36,"Alcaligenaceae",0.233729306
"Global_migration",18,28,"Alcaligenaceae",0.232419009
"Global_migration",18,58,"Alcaligenaceae",0.301019124
"Global_migration",18,9,"Alcaligenaceae",0.225803277
"Global_migration",18,86,"Alcaligenaceae",0.229588874
"Global_migration",18,8,"Alcaligenaceae",0.257762319
"Global_migration",18,22,"Alcaligenaceae",0.332781244
"Global_migration",18,42,"Alcaligenaceae",0.262508122
"Global_migration",18,14,"Alcaligenaceae",0.257312882
"Global_migration",18,27,"Alcaligenaceae",0.201528111
"Global_migration",18,43,"Alcaligenaceae",0.303787061
"Global_migration",18,56,"Alcaligenaceae",0.249843372
"Global_migration",18,65,"Alcaligenaceae",0.2668076
"Global_migration",18,50,"Alcaligenaceae",0.182829867
"Global_migration",18,90,"Alcaligenaceae",0.247085825
"Global_migration",18,2,"Alcaligenaceae",0.22727092
"Global_migration",18,84,"Alcaligenaceae",0.2326472
"Global_migration",18,92,"Alcaligenaceae",0.233039099
"Global_migration",18,6,"Alcaligenaceae",0.300837189
"Global_migration",18,63,"Alcaligenaceae",0.282034444
"Global_migration",18,74,"Alcaligenaceae",0.243142111
"Global_migration",18,46,"Alcaligenaceae",0.318496086
"Global_migration",18,30,"Alcaligenaceae",0.232553408
"Parent_migration",18,11,"Lachnospiraceae",0.02973502
"Parent_migration",18,15,"Lachnospiraceae",0.054143064
"Parent_migration",18,86,"Lachnospiraceae",0.046866177
"Parent_migration",18,19,"Lachnospiraceae",0.049924642
"Parent_migration",18,49,"Lachnospiraceae",0.016278189
"Parent_migration",18,21,"Lachnospiraceae",0.096502186
"Parent_migration",18,59,"Lachnospiraceae",0.053022269
"Parent_migration",18,23,"Lachnospiraceae",0.032975559
"Parent_migration",18,46,"Lachnospiraceae",0.063699387
"Parent_migration",18,60,"Lachnospiraceae",0.039768392
"Parent_migration",18,55,"Lachnospiraceae",0.041235622
"Parent_migration",18,51,"Lachnospiraceae",0.082460237
"Parent_migration",18,26,"Lachnospiraceae",0.041032625
"Parent_migration",18,56,"Lachnospiraceae",0.018362178
"Parent_migration",18,29,"Lachnospiraceae",0.112806484
"Parent_migration",18,45,"Lachnospiraceae",0.040193491
"Parent_migration",18,50,"Lachnospiraceae",0.036922072
"Parent_migration",18,80,"Lachnospiraceae",0.04166102
"Parent_migration",18,64,"Lachnospiraceae",0.057876104
"Parent_migration",18,57,"Lachnospiraceae",0.059744991
"Parent_migration",18,40,"Lachnospiraceae",0.07096752
"Parent_migration",18,44,"Lachnospiraceae",0.05320441
"Parent_migration",18,20,"Lachnospiraceae",0.0524622
"Parent_migration",18,37,"Lachnospiraceae",0.038938117
"Parent_migration",18,53,"Lachnospiraceae",0.137834133
"Parent_migration",18,32,"Lachnospiraceae",0.033699227
"Parent_migration",18,61,"Lachnospiraceae",0.015130132
"Parent_migration",18,78,"Lachnospiraceae",0.032381107
"Parent_migration",18,47,"Lachnospiraceae",0.020269002
"Parent_migration",18,67,"Lachnospiraceae",0.07379384
"Parent_migration",18,68,"Lachnospiraceae",0.060231701
"Parent_migration",18,54,"Lachnospiraceae",0.049823048
"Parent_migration",18,39,"Lachnospiraceae",0.049882864
"Parent_migration",18,91,"Lachnospiraceae",0.06268544
"Parent_migration",18,1,"Lachnospiraceae",0.069690676
"Parent_migration",18,58,"Lachnospiraceae",0.052628274
"Parent_migration",18,69,"Lachnospiraceae",0.048727964
"Parent_migration",18,87,"Lachnospiraceae",0.016773367
"Parent_migration",18,52,"Lachnospiraceae",0.031907179
"Parent_migration",18,36,"Lachnospiraceae",0.03866168
"Parent_migration",18,88,"Lachnospiraceae",0.033643574
"Parent_migration",18,76,"Lachnospiraceae",0.072588244
"Parent_migration",18,8,"Lachnospiraceae",0.030293949
"Parent_migration",18,4,"Lachnospiraceae",0.066169194
"Parent_migration",18,30,"Lachnospiraceae",0.049691146
"Parent_migration",18,82,"Lachnospiraceae",0.021113713
"Parent_migration",18,31,"Lachnospiraceae",0.06426149
"Parent_migration",18,18,"Lachnospiraceae",0.117404042
"Parent_migration",18,13,"Lachnospiraceae",0.052712228
"Parent_migration",18,84,"Lachnospiraceae",0.118422463
"Parent_migration",18,62,"Lachnospiraceae",0.044500954
"Parent_migration",18,10,"Lachnospiraceae",0.086623834
"Parent_migration",18,33,"Lachnospiraceae",0.07789629
"Parent_migration",18,7,"Lachnospiraceae",0.050436154
"Parent_migration",18,63,"Lachnospiraceae",0.093087362
"Parent_migration",18,74,"Lachnospiraceae",0.033635328
"Parent_migration",18,92,"Lachnospiraceae",0.027094706
"Parent_migration",18,70,"Lachnospiraceae",0.099432276
"Parent_migration",18,27,"Lachnospiraceae",0.064960752
"Parent_migration",18,14,"Lachnospiraceae",0.051873199
"Parent_migration",18,6,"Lachnospiraceae",0.091695881
"Parent_migration",18,42,"Lachnospiraceae",0.037089115
"Parent_migration",18,16,"Lachnospiraceae",0.112389617
"Parent_migration",18,83,"Lachnospiraceae",0.059512392
"Parent_migration",18,89,"Lachnospiraceae",0.106499324
"Parent_migration",18,38,"Lachnospiraceae",0.028888742
"Parent_migration",18,43,"Lachnospiraceae",0.011281266
"Parent_migration",18,77,"Lachnospiraceae",0.06401953
"Parent_migration",18,90,"Lachnospiraceae",0.08153702
"Parent_migration",18,79,"Lachnospiraceae",0.039466551
"Parent_migration",18,48,"Lachnospiraceae",0.029471134
"Parent_migration",18,66,"Lachnospiraceae",0.047605778
"Parent_migration",18,35,"Lachnospiraceae",0.06734065
"Parent_migration",18,73,"Enterococcaceae",0.017661255
"Parent_migration",18,25,"Enterococcaceae",0.018159196
"Parent_migration",18,12,"Enterococcaceae",0.01882609
"Parent_migration",18,17,"Enterococcaceae",0.021374852
"Global_migration",18,72,"Comamonadaceae",0.036851192
"Parent_migration",18,72,"Comamonadaceae",0.012399708
"Global_migration",18,14,"Comamonadaceae",0.060807979
"Global_migration",18,44,"Comamonadaceae",0.019518478
"Global_migration",18,18,"Comamonadaceae",0.05312213
"Global_migration",18,73,"Comamonadaceae",0.038429322
"Global_migration",18,86,"Comamonadaceae",0.042977228
"Global_migration",18,22,"Comamonadaceae",0.05800622
"Global_migration",18,30,"Comamonadaceae",0.052628009
"Global_migration",18,43,"Comamonadaceae",0.045013103
"Global_migration",18,29,"Comamonadaceae",0.032597893
"Global_migration",18,61,"Comamonadaceae",0.040730033
"Global_migration",18,84,"Comamonadaceae",0.037737354
"Global_migration",18,79,"Comamonadaceae",0.034246575
"Global_migration",18,19,"Comamonadaceae",0.028138648
"Global_migration",18,10,"Comamonadaceae",0.027011235
"Global_migration",18,56,"Comamonadaceae",0.018846199
"Global_migration",18,24,"Comamonadaceae",0.039733505
"Global_migration",18,2,"Comamonadaceae",0.020353806
"Global_migration",18,85,"Comamonadaceae",0.052069272
"Global_migration",18,45,"Comamonadaceae",0.04665425
"Global_migration",18,50,"Comamonadaceae",0.02037551
"Global_migration",18,36,"Comamonadaceae",0.035890307
"Global_migration",18,33,"Comamonadaceae",0.065901083
"Global_migration",18,41,"Comamonadaceae",0.046574624
"Global_migration",18,49,"Comamonadaceae",0.052049747
"Global_migration",18,78,"Comamonadaceae",0.031959704
"Global_migration",18,21,"Comamonadaceae",0.044574895
"Global_migration",18,5,"Comamonadaceae",0.037232355
"Parent_migration",18,28,"Comamonadaceae",0.035037011
"Global_migration",18,89,"Comamonadaceae",0.055076441
"Global_migration",18,52,"Comamonadaceae",0.055428758
"Global_migration",18,16,"Comamonadaceae",0.069430514
"Global_migration",18,32,"Comamonadaceae",0.037441052
"Global_migration",18,58,"Comamonadaceae",0.060329643
"Global_migration",18,6,"Comamonadaceae",0.033634428
"Global_migration",18,4,"Comamonadaceae",0.025407214
"Global_migration",18,88,"Comamonadaceae",0.037807287
"Global_migration",18,35,"Comamonadaceae",0.05561936
"Global_migration",18,70,"Comamonadaceae",0.036621507
"Global_migration",18,37,"Comamonadaceae",0.025496177
"Global_migration",18,83,"Comamonadaceae",0.028425521
"Global_migration",18,3,"Comamonadaceae",0.026502022
"Global_migration",18,66,"Comamonadaceae",0.050797597
"Global_migration",18,34,"Comamonadaceae",0.076658239
"Global_migration",18,7,"Comamonadaceae",0.058833908
"Global_migration",18,39,"Comamonadaceae",0.052367076
"Global_migration",18,20,"Comamonadaceae",0.016772791
"Global_migration",18,90,"Comamonadaceae",0.021697771
"Global_migration",18,27,"Comamonadaceae",0.056695629
"Parent_migration",18,85,"Comamonadaceae",0.071026445
"Global_migration",18,12,"Comamonadaceae",0.023871548
"Global_migration",18,23,"Comamonadaceae",0.036144578
"Global_migration",18,92,"Comamonadaceae",0.045179956
"Global_migration",18,48,"Comamonadaceae",0.072505049
"Global_migration",18,51,"Comamonadaceae",0.012003576
"Global_migration",18,54,"Comamonadaceae",0.05391612
"Global_migration",18,42,"Comamonadaceae",0.040681414
"Global_migration",18,8,"Comamonadaceae",0.024169184
"Global_migration",18,53,"Comamonadaceae",0.058672345
"Global_migration",18,76,"Comamonadaceae",0.018603144
"Global_migration",18,67,"Comamonadaceae",0.053450226
"Global_migration",18,82,"Comamonadaceae",0.037001726
"Global_migration",18,60,"Comamonadaceae",0.023804418
"Global_migration",18,71,"Comamonadaceae",0.045668234
"Global_migration",18,13,"Comamonadaceae",0.023769874
"Global_migration",18,59,"Comamonadaceae",0.028961328
"Global_migration",18,38,"Comamonadaceae",0.063252818
"Global_migration",18,69,"Comamonadaceae",0.059586687
"Global_migration",18,31,"Comamonadaceae",0.054070623
"Global_migration",18,25,"Comamonadaceae",0.040343878
"Global_migration",18,64,"Comamonadaceae",0.042260164
"Global_migration",18,46,"Comamonadaceae",0.025541398
"Global_migration",18,9,"Comamonadaceae",0.053732225
"Global_migration",18,40,"Comamonadaceae",0.034446117
"Global_migration",18,26,"Comamonadaceae",0.024986756
"Global_migration",18,68,"Comamonadaceae",0.044726708
"Global_migration",18,1,"Comamonadaceae",0.03134677
"Global_migration",18,28,"Comamonadaceae",0.074658539
"Global_migration",18,74,"Comamonadaceae",0.027996877
"Global_migration",18,57,"Comamonadaceae",0.040791501
"Global_migration",18,65,"Comamonadaceae",0.018729718
"Parent_migration",18,65,"Comamonadaceae",0.057034952
"Global_migration",18,81,"Comamonadaceae",0.037933869
"Global_migration",18,55,"Comamonadaceae",0.044655448
"Global_migration",18,87,"Comamonadaceae",0.03627699
"Global_migration",18,75,"Comamonadaceae",0.041886326
"Global_migration",18,91,"Comamonadaceae",0.038154176
"Global_migration",18,62,"Comamonadaceae",0.041472028
"Global_migration",18,11,"Comamonadaceae",0.028041172
"Global_migration",18,93,"Comamonadaceae",0.044282797
"Global_migration",18,77,"Comamonadaceae",0.025708769
"Global_migration",18,15,"Comamonadaceae",0.040490732
"Global_migration",18,47,"Comamonadaceae",0.018764634
"Global_migration",18,17,"Comamonadaceae",0.035249685
"Global_migration",18,80,"Comamonadaceae",0.03848415
"Global_migration",18,63,"Comamonadaceae",0.061473934
"Global_migration",18,32,"Other",0.000762159
"Global_migration",18,22,"Other",0.00265003
"Global_migration",18,66,"Other",0.000845245
"Global_migration",18,87,"Other",0.006171104
"Global_migration",18,56,"Other",0.002489121
"Global_migration",18,79,"Other",0.009402242
"Global_migration",18,89,"Other",0.004564037
"Global_migration",18,13,"Other",0.009736861
"Global_migration",18,45,"Other",0.006496161
"Global_migration",18,77,"Other",0.006029198
"Global_migration",18,90,"Other",0.007187292
"Global_migration",18,44,"Other",0.005003468
"Global_migration",18,1,"Other",0.004319009
"Parent_migration",18,82,"Other",0.001922606
"Parent_migration",18,42,"Other",0.000451012
"Parent_migration",18,17,"Other",0.002193561
"Global_migration",18,34,"Other",0.003711873
"Global_migration",18,82,"Other",0.00296323
"Global_migration",18,54,"Other",0.00505818
"Global_migration",18,85,"Other",0.001267573
"Global_migration",18,66,"Other",0.004333955
"Global_migration",18,39,"Other",0.008631121
"Global_migration",18,32,"Other",0.004001334
"Parent_migration",18,59,"Other",0.007423118
"Parent_migration",18,65,"Other",0.000288402
"Global_migration",18,14,"Other",0.001341044
"Global_migration",18,85,"Other",0.000460936
"Global_migration",18,63,"Other",0.000296566
"Global_migration",18,52,"Other",0.002391044
"Global_migration",18,25,"Other",0.001179974
"Global_migration",18,86,"Other",0.003820877
"Global_migration",18,82,"Other",0.001133758
"Global_migration",18,70,"Other",0.000211685
"Global_migration",18,16,"Other",0.002618968
"Global_migration",18,89,"Other",0.000490004
"Global_migration",18,32,"Other",0.000238175
"Global_migration",18,41,"Other",0.000611674
"Global_migration",18,23,"Other",0.000310184
"Global_migration",18,11,"Other",0.000255561
"Global_migration",18,54,"Other",0.009345158
"Global_migration",18,59,"Other",0.00039927
"Parent_migration",18,79,"Other",0.000975821
"Global_migration",18,7,"Other",0.001992611
"Parent_migration",18,86,"Other",0.002856479
"Parent_migration",18,80,"Other",0.000379476
"Global_migration",18,67,"Other",0.00117473
"Global_migration",18,56,"Other",0.000135462
"Global_migration",18,12,"Other",0.000396082
"Global_migration",18,38,"Other",0.001449275
"Global_migration",18,66,"Other",0.000894966
"Global_migration",18,93,"Other",0.001573932
"Global_migration",18,5,"Other",0.000555115
"Global_migration",18,8,"Other",0.000380817
"Global_migration",18,27,"Other",0.000270462
"Global_migration",18,51,"Other",0.000526753
"Global_migration",18,13,"Other",0.000553292
"Global_migration",18,48,"Other",0.00383241
"Global_migration",18,87,"Other",0.000361431
"Global_migration",18,21,"Other",0.000660315
"Global_migration",18,71,"Other",0.000905189
"Global_migration",18,88,"Other",0.001207199
"Global_migration",18,19,"Other",0.000276411
"Global_migration",18,15,"Other",0.003847292
"Global_migration",18,49,"Other",0.000783049
"Global_migration",18,3,"Other",0.000361063
"Parent_migration",18,38,"Other",0.000594963
"Global_migration",18,65,"Other",0.000363553
"Global_migration",18,68,"Other",0.000371597
"Global_migration",18,76,"Other",0.000763562
"Global_migration",18,57,"Other",0.003487146
"Global_migration",18,53,"Other",0.000954619
"Global_migration",18,64,"Other",0.001462126
"Global_migration",18,33,"Other",0.008939058
"Global_migration",18,40,"Other",0.000708403
"Global_migration",18,6,"Other",0.000428386
"Global_migration",18,72,"Other",0.000269774
"Global_migration",18,92,"Other",0.000308076
"Global_migration",18,17,"Other",0.000959175
"Global_migration",18,55,"Other",0.000308895
"Global_migration",18,1,"Other",0.001113707
"Global_migration",18,31,"Other",0.000613046
"Global_migration",18,39,"Other",0.001716346
"Global_migration",18,78,"Other",0.00372951
"Global_migration",18,2,"Other",0.000556549
"Global_migration",18,80,"Other",0.005030986
"Global_migration",18,45,"Other",0.004497342
"Global_migration",18,69,"Other",0.005575117
"Global_migration",18,81,"Other",0.003161156
"Global_migration",18,4,"Other",0.00029415
"Global_migration",18,62,"Other",0.000322161
"Global_migration",18,37,"Other",0.000451926
"Global_migration",18,61,"Other",0.001260873
"Global_migration",18,28,"Other",0.006524438
"Global_migration",18,73,"Other",0.006019827
"Global_migration",18,50,"Other",0.000205588
"Global_migration",18,91,"Other",0.000255823
"Global_migration",18,9,"Other",0.00147616
"Global_migration",18,18,"Other",0.009182736
"Global_migration",18,43,"Other",0.003905246
"Global_migration",18,24,"Other",0.000561888
"Global_migration",18,77,"Other",0.000304847
"Global_migration",18,10,"Other",0.000663993
"Global_migration",18,14,"Other",0.003981225
"Global_migration",18,58,"Other",0.006416709
"Global_migration",18,60,"Other",0.000482522
"Parent_migration",18,74,"Other",0.000922259
"Global_migration",18,90,"Other",0.000181192
"Global_migration",18,74,"Other",0.000349961
"Global_migration",18,84,"Other",0.000518589
"Global_migration",18,90,"Other",0.000347285
"Global_migration",18,92,"Other",0.000602757
"Parent_migration",18,88,"Other",0.000253504
"Global_migration",18,89,"Other",0.000210002
"Global_migration",18,85,"Other",0.000428012
"Global_migration",18,58,"Other",0.000691998
"Parent_migration",18,65,"Other",0.000192268
"Parent_migration",18,45,"Other",6.5e-05
"Parent_migration",18,53,"Other",9.6e-05
"Parent_migration",18,52,"Other",0.000302151
"Parent_migration",18,16,"Other",0.000234145
"Parent_migration",18,28,"Other",0.000493479
"Parent_migration",18,65,"Other",0.002128682
"Global_migration",18,41,"Other",8.74e-05
"Parent_migration",18,72,"Other",0.000270146
"Parent_migration",18,85,"Other",0.008247294
"Parent_migration",18,26,"Other",0.000532891
"Parent_migration",18,24,"Other",0.00227164
"Parent_migration",18,68,"Other",0.003737971
"Parent_migration",18,70,"Other",0.008093091
"Parent_migration",18,35,"Other",0.000346224
"Parent_migration",18,12,"Other",0.005684109
"Parent_migration",18,8,"Other",0.002615305
"Parent_migration",18,10,"Other",0.000113002
"Parent_migration",18,61,"Other",0.009058387
"Parent_migration",18,77,"Other",0.001763651
"Parent_migration",18,89,"Other",0.006394214
"Parent_migration",18,75,"Other",0.001369514
"Parent_migration",18,68,"Other",0.000848334
"Parent_migration",18,29,"Other",0.000121581
"Parent_migration",18,17,"Other",0.001154506
"Parent_migration",18,45,"Other",0.000455119
"Parent_migration",18,7,"Other",0.000231997
"Parent_migration",18,51,"Other",0.000977868
"Parent_migration",18,33,"Other",0.000348829
"Parent_migration",18,10,"Other",0.000322862
"Parent_migration",18,54,"Other",0.00088476
"Parent_migration",18,80,"Other",0.000189738
"Parent_migration",18,71,"Other",0.001549382
"Parent_migration",18,81,"Other",0.000480181
"Parent_migration",18,64,"Other",0.000243113
"Parent_migration",18,16,"Other",0.00021742
"Parent_migration",18,12,"Other",0.000241877
"Parent_migration",18,75,"Other",0.000955475
"Parent_migration",18,17,"Other",0.001896688
"Parent_migration",18,62,"Other",0.000296673
"Parent_migration",18,39,"Other",0.000514256
"Parent_migration",18,18,"Other",0.000576075
"Parent_migration",18,40,"Other",0.000892673
"Parent_migration",18,45,"Other",0.000338088
"Parent_migration",18,48,"Other",0.000461388
"Parent_migration",18,89,"Other",0.000375394
"Parent_migration",18,21,"Other",0.000255522
"Parent_migration",18,57,"Other",0.000309654
"Parent_migration",18,10,"Other",0.000548865
"Parent_migration",18,55,"Other",0.000434059
"Parent_migration",18,71,"Other",0.001531366
"Parent_migration",18,24,"Other",0.00023912
"Parent_migration",18,43,"Other",0.000408372
"Parent_migration",18,8,"Other",0.000136214
"Parent_migration",18,6,"Other",0.000356047
"Parent_migration",18,44,"Other",0.000794096
"Parent_migration",18,20,"Other",0.000305174
"Parent_migration",18,25,"Other",0.002454854
"Parent_migration",18,89,"Other",0.000225236
"Parent_migration",18,73,"Other",0.000658183
"Parent_migration",18,42,"Other",0.000928554
"Parent_migration",18,48,"Other",0.003244132
"Parent_migration",18,46,"Other",0.005927861
"Parent_migration",18,61,"Other",0.000131281
"Parent_migration",18,63,"Other",0.001431298
"Parent_migration",18,37,"Other",0.000972552
"Parent_migration",18,67,"Other",0.001988013
"Parent_migration",18,10,"Other",0.000597294
"Parent_migration",18,77,"Other",0.000548027
"Parent_migration",18,85,"Other",0.00313688
"Parent_migration",18,56,"Other",0.000791473
"Parent_migration",18,42,"Other",0.001061205
"Parent_migration",18,76,"Other",0.000154476
"Parent_migration",18,84,"Other",0.001381298
"Parent_migration",18,28,"Other",0.001268946
"Parent_migration",18,75,"Other",0.000414039
"Parent_migration",18,44,"Other",0.000420404
"Parent_migration",18,56,"Other",0.000580414
"Parent_migration",18,16,"Other",0.000183971
"Parent_migration",18,13,"Other",0.000490346
"Parent_migration",18,90,"Other",0.000216279
"Parent_migration",18,81,"Other",0.000108041
"Parent_migration",18,27,"Other",0.000741702
"Parent_migration",18,66,"Other",0.00069667
"Parent_migration",18,86,"Other",0.000332149
"Parent_migration",18,87,"Other",0.000576184
"Parent_migration",18,29,"Other",0.000303951
"Parent_migration",18,88,"Other",0.000217289
"Parent_migration",18,89,"Other",0.000187697
"Parent_migration",18,78,"Other",0.000324623
"Parent_migration",18,92,"Other",0.000651074
"Parent_migration",18,4,"Other",0.00022734
"Parent_migration",18,5,"Other",0.000885269
"Parent_migration",18,61,"Other",0.000295382
"Parent_migration",18,41,"Other",0.000929368
"Parent_migration",18,77,"Other",0.000159426
"Parent_migration",18,84,"Other",0.000297693
"Parent_migration",18,71,"Other",0.000180161
"Parent_migration",18,76,"Other",0.00044798
"Parent_migration",18,8,"Other",0.000408641
"Parent_migration",18,73,"Other",0.001023841
"Parent_migration",18,1,"Other",0.000519249
"Parent_migration",18,25,"Other",0.000403538
"Parent_migration",18,74,"Other",0.000271253
"Parent_migration",18,77,"Other",2.99e-05
"Parent_migration",18,37,"Other",0.000252143
"Parent_migration",18,2,"Other",0.000200454
"Parent_migration",18,3,"Other",0.00037238
"Parent_migration",18,40,"Other",0.000137334
"Parent_migration",18,90,"Other",0.000108139
"Parent_migration",18,39,"Other",0.000171419
"Parent_migration",18,44,"Other",0.000140135
"Parent_migration",18,15,"Other",0.00026347
"Parent_migration",18,89,"Other",6.26e-05
"Parent_migration",18,18,"Other",6.58e-05
"Parent_migration",18,85,"Other",0.000228514
"Parent_migration",18,43,"Other",0.000255232
"Parent_migration",18,17,"Other",6.6e-05
"Parent_migration",18,62,"Other",4.24e-05
"Parent_migration",18,86,"Other",0.000166074
"Global_migration",18,80,"Other",0.000452981
"Global_migration",18,54,"Other",0.000408284
"Global_migration",18,73,"Other",0.00025773
"Global_migration",18,13,"Other",0.000878758
"Global_migration",18,70,"Other",0.002293254
"Global_migration",18,20,"Other",0.002899001
"Global_migration",18,55,"Other",0.000423052
"Global_migration",18,16,"Other",0.001504514
"Global_migration",18,92,"Other",0.003174518
"Global_migration",18,11,"Other",0.000660933
"Global_migration",18,47,"Other",0.001319131
"Global_migration",18,3,"Other",0.002671866
"Global_migration",18,29,"Other",0.001722653
"Global_migration",18,48,"Other",0.00150189
"Global_migration",18,21,"Other",0.001248068
"Global_migration",18,61,"Other",0.001999567
"Global_migration",18,15,"Other",0.001156878
"Global_migration",18,6,"Other",0.003219015
"Global_migration",18,83,"Other",0.003753153
"Global_migration",18,40,"Other",0.002066177
"Global_migration",18,38,"Other",0.004991948
"Global_migration",18,57,"Other",0.002189603
"Global_migration",18,68,"Other",0.000574286
"Global_migration",18,7,"Other",0.000882145
"Global_migration",18,14,"Other",0.001466767
"Global_migration",18,12,"Other",0.001914396
"Global_migration",18,51,"Other",0.000223471
"Global_migration",18,56,"Other",0.000897438
"Global_migration",18,71,"Other",0.003270359
"Global_migration",18,31,"Other",0.00067435
"Global_migration",18,84,"Other",0.001236636
"Global_migration",18,60,"Other",0.001554793
"Global_migration",18,27,"Other",0.001960851
"Global_migration",18,23,"Other",0.002008032
"Global_migration",18,88,"Other",0.002535119
"Global_migration",18,44,"Other",0.001585257
"Global_migration",18,87,"Other",0.002944996
"Global_migration",18,26,"Other",0.00128024
"Global_migration",18,67,"Other",0.001457536
"Global_migration",18,17,"Other",0.003536958
"Global_migration",18,82,"Other",0.001314128
"Global_migration",18,65,"Other",0.001898555
"Global_migration",18,4,"Other",0.002923117
"Global_migration",18,72,"Other",0.002562857
"Global_migration",18,50,"Other",0.001090508
"Global_migration",18,2,"Other",0.001033592
"Global_migration",18,36,"Other",0.002653861
"Global_migration",18,37,"Other",0.001129816
"Global_migration",18,77,"Other",0.001354876
"Global_migration",18,75,"Other",0.001812191
"Global_migration",18,30,"Other",0.001220753
"Global_migration",18,25,"Other",0.002079002
"Global_migration",18,24,"Other",0.001284315
"Global_migration",18,66,"Other",0.001615911
"Global_migration",18,62,"Other",0.002044483
"Global_migration",18,93,"Other",0.001744087
"Global_migration",18,79,"Other",0.000435866
"Global_migration",18,91,"Other",0.003057694
"Global_migration",18,9,"Other",0.003493579
"Global_migration",18,33,"Other",0.00045674
"Global_migration",18,69,"Other",0.0013833
"Global_migration",18,78,"Other",4.39e-05
"Global_migration",18,62,"Other",0.00045846
"Global_migration",18,42,"Other",0.000226008
"Global_migration",18,19,"Other",0.000773951
"Global_migration",18,66,"Other",0.000497203
"Global_migration",18,13,"Other",0.00019528
"Global_migration",18,89,"Other",0.000700006
"Global_migration",18,90,"Other",0.000377484
"Global_migration",18,76,"Other",0.000185106
"Global_migration",18,12,"Other",0.000116793
"Global_migration",18,41,"Other",0.000378655
"Global_migration",18,45,"Other",0.000545132
"Global_migration",18,10,"Other",0.000194771
"Global_migration",18,67,"Other",0.000261051
"Global_migration",18,2,"Other",0.000377659
"Global_migration",18,74,"Other",0.00016152
"Global_migration",18,58,"Other",0.000314545
"Global_migration",18,92,"Other",0.000294681
"Global_migration",18,81,"Other",0.000695454
"Global_migration",18,7,"Other",0.001100087
"Global_migration",18,88,"Other",0.000219491
"Global_migration",18,69,"Other",0.000901241
"Global_migration",18,5,"Other",0.000436162
"Global_migration",18,15,"Other",0.000430466
"Global_migration",18,28,"Other",4.52e-05
"Global_migration",18,85,"Other",0.000642018
"Global_migration",18,59,"Other",0.000171116
"Global_migration",18,11,"Other",0.001956361
"Global_migration",18,63,"Other",0.0001271
"Global_migration",18,14,"Other",0.000460984
"Global_migration",18,22,"Other",0.001564254
"Global_migration",18,1,"Other",0.000624762
"Parent_migration",18,85,"Other",0.000353159
"Global_migration",18,80,"Other",0.000848136
"Global_migration",18,73,"Other",0.000966486
"Parent_migration",18,17,"Other",0.004354136
"Global_migration",18,86,"Other",0.000764175
"Global_migration",18,35,"Other",0.000218759
"Parent_migration",18,71,"Other",0.003206861
"Global_migration",18,54,"Other",0.001599111
"Global_migration",18,21,"Other",0.000239455
"Global_migration",18,43,"Other",0.000770772
"Global_migration",18,49,"Other",0.000921234
"Parent_migration",18,32,"Other",0.00422842
"Parent_migration",18,61,"Other",0.005842003
"Parent_migration",18,68,"Other",0.000132552
"Parent_migration",18,49,"Other",0.002271375
"Parent_migration",18,8,"Other",0.003596044
"Parent_migration",18,43,"Other",0.00245023
"Parent_migration",18,17,"Other",9.9e-05
"Parent_migration",18,24,"Other",0.0023912
"Parent_migration",18,73,"Other",0.002852128
"Parent_migration",18,12,"Other",0.000806257
"Parent_migration",18,71,"Other",0.000720643
"Parent_migration",18,22,"Other",0.001802817
"Parent_migration",18,5,"Other",0.005842776
"Parent_migration",18,85,"Other",0.003074558
"Parent_migration",18,34,"Other",0.007772021
"Parent_migration",18,3,"Other",0.008937121
"Parent_migration",18,9,"Other",0.001559089
"Parent_migration",18,81,"Other",0.00050419
"Parent_migration",18,34,"Other",0.000172712
"Parent_migration",18,73,"Other",0.000987275
"Parent_migration",18,33,"Other",0.000415912
"Parent_migration",18,57,"Other",3.64e-05
"Parent_migration",18,81,"Other",7.2e-05
"Parent_migration",18,47,"Other",0.000437911
"Parent_migration",18,61,"Other",6.56e-05
"Parent_migration",18,17,"Other",0.000296873
"Parent_migration",18,64,"Other",3.04e-05
"Parent_migration",18,4,"Other",2.67e-05
"Parent_migration",18,89,"Other",0.000525552
"Parent_migration",18,32,"Other",0.002306411
"Parent_migration",18,38,"Other",0.000132214
"Parent_migration",18,5,"Other",0.004367328
"Parent_migration",18,55,"Other",0.002676698
"Parent_migration",18,18,"Other",0.00457568
"Parent_migration",18,27,"Other",0.000679894
"Parent_migration",18,68,"Other",0.001458074
"Parent_migration",18,66,"Other",0.000603781
"Parent_migration",18,78,"Other",0.000730401
"Parent_migration",18,43,"Other",0.002092905
"Parent_migration",18,8,"Other",0.001171439
"Parent_migration",18,29,"Other",0.000486322
"Parent_migration",18,58,"Other",0.001256045
"Parent_migration",18,16,"Other",0.001622291
"Parent_migration",18,87,"Other",0.000192061
"Parent_migration",18,48,"Other",0.006906396
"Parent_migration",18,70,"Other",0.001228056
"Parent_migration",18,53,"Other",0.000589445
"Parent_migration",18,20,"Other",0.001081981
"Parent_migration",18,83,"Other",0.00050477
"Parent_migration",18,4,"Other",0.001591377
"Parent_migration",18,54,"Other",0.002598983
"Parent_migration",18,67,"Other",0.002077028
"Parent_migration",18,90,"Other",0.001495927
"Parent_migration",18,31,"Other",0.000233891
"Parent_migration",18,89,"Other",0.000700736
"Parent_migration",18,91,"Other",0.000215785
"Parent_migration",18,59,"Other",0.000331389
"Parent_migration",18,44,"Other",0.001214499
"Parent_migration",18,37,"Other",0.000468266
"Parent_migration",18,51,"Other",9.98e-05
"Parent_migration",18,61,"Other",0.008336342
"Parent_migration",18,36,"Other",0.001788763
"Parent_migration",18,6,"Other",0.00109553
"Parent_migration",18,24,"Other",0.00155428
"Parent_migration",18,40,"Other",0.000206002
"Parent_migration",18,76,"Other",6.18e-05
"Parent_migration",18,47,"Other",0.00325305
"Parent_migration",18,62,"Other",0.000508582
"Parent_migration",18,41,"Other",0.005576208
"Parent_migration",18,80,"Other",0.001246849
"Parent_migration",18,71,"Other",0.004071632
"Parent_migration",18,77,"Other",0.00337784
"Parent_migration",18,86,"Other",0.000199289
"Parent_migration",18,82,"Other",0.000104869
"Parent_migration",18,69,"Other",0.000237625
"Parent_migration",18,15,"Other",0.000658675
"Parent_migration",18,2,"Other",0.000601363
"Parent_migration",18,30,"Other",0.000549073
"Parent_migration",18,34,"Other",0.002475533
"Parent_migration",18,64,"Other",0.000182335
"Parent_migration",18,81,"Other",0.005630117
"Parent_migration",18,52,"Other",0.000664733
"Parent_migration",18,9,"Other",0.002104771
"Parent_migration",18,22,"Other",0.003192488
"Parent_migration",18,57,"Other",0.000510018
"Parent_migration",18,13,"Other",0.001072633
"Parent_migration",18,35,"Other",0.000519337
"Parent_migration",18,33,"Other",0.001422151
"Parent_migration",18,56,"Other",0.00021106
"Parent_migration",18,92,"Other",0.000250413
"Parent_migration",18,46,"Other",0.000602833
"Parent_migration",18,50,"Other",0.000435659
"Parent_migration",18,11,"Other",0.00308642
"Parent_migration",18,3,"Other",0.005106926
"Parent_migration",18,21,"Other",0.002157742
"Parent_migration",18,45,"Other",0.002002523
"Parent_migration",18,26,"Other",0.001421043
"Parent_migration",18,49,"Other",0.002649938
"Parent_migration",18,7,"Other",0.000463994
"Parent_migration",18,75,"Other",0.006051341
"Parent_migration",18,10,"Other",0.002276176
"Parent_migration",18,39,"Other",0.001999886
"Parent_migration",18,1,"Other",0.000778874
"Parent_migration",18,74,"Other",0.000162752
"Global_migration",18,92,"Other",6.7e-05
"Global_migration",18,89,"Other",0.003458028
"Global_migration",18,80,"Other",0.003498559
"Global_migration",18,73,"Other",0.003028323
"Global_migration",18,66,"Other",0.003729024
"Global_migration",18,92,"Other",0.003884431
"Global_migration",18,23,"Other",0.002465145
"Global_migration",18,13,"Other",0.001844308
"Global_migration",18,62,"Other",0.003407472
"Global_migration",18,54,"Other",0.003980765
"Global_migration",18,78,"Other",0.002579943
"Global_migration",18,12,"Other",0.002112436
"Global_migration",18,85,"Other",0.004066111
"Global_migration",18,6,"Other",0.002607035
"Global_migration",18,61,"Other",0.003133079
"Global_migration",18,50,"Other",0.001595538
"Parent_migration",18,77,"Other",3.99e-05
"Parent_migration",18,49,"Other",0.000270402
"Parent_migration",18,89,"Other",0.000538065
"Parent_migration",18,77,"Other",4.98e-05
"Parent_migration",18,9,"Other",0.000259848
"Parent_migration",18,8,"Other",0.000217942
"Parent_migration",18,43,"Other",0.000357325
"Parent_migration",18,82,"Other",0.000524347
"Parent_migration",18,60,"Other",0.000314197
"Parent_migration",18,61,"Other",0.000229742
"Parent_migration",18,37,"Other",0.001260716
"Parent_migration",18,3,"Other",0.000478774
"Parent_migration",18,20,"Other",0.000194202
"Parent_migration",18,88,"Other",0.000144859
"Parent_migration",18,11,"Other",0.000301114
"Parent_migration",18,58,"Other",0.000376813
"Parent_migration",18,41,"Other",0.000604089
"Parent_migration",18,1,"Other",0.000333803
"Parent_migration",18,10,"Other",0.00020986
"Parent_migration",18,23,"Other",0.00032329
"Parent_migration",18,29,"Other",0.000283688
"Parent_migration",18,49,"Other",0.000540804
"Parent_migration",18,65,"Other",0.003213624
"Parent_migration",18,85,"Other",0.001246442
"Parent_migration",18,28,"Other",0.003101868
"Parent_migration",18,65,"Other",0.005383506
"Parent_migration",18,28,"Other",0.004018329
"Parent_migration",18,85,"Other",0.002015082
